experiment,gene,matched_mock_rs,RPF_repression,score_percentile,rpf_decreased,quartile
U2OS_miR1,CAAP1,0.1444314867258072,1.20603931,1.0,True,Q4
U2OS_miR1,FNDC3A,0.1183050125837326,0.704121355,0.8888888888888888,True,Q4
U2OS_miR1,C6orf120,0.1164920851588249,-0.788415919,0.7777777777777778,False,Q3
U2OS_miR1,DICER1,0.1110584288835525,1.063828868,0.6666666666666666,True,Q3
U2OS_miR1,DDX5,0.0906463339924812,0.77728523,0.5555555555555556,True,Q2
U2OS_miR1,NCL,0.0896186530590057,0.5071271399999999,0.4444444444444444,True,Q2
U2OS_miR1,SNTB2,0.088823989033699,0.779853132,0.3333333333333333,True,Q1
U2OS_miR1,ZBTB38,0.0786362513899803,0.458858622,0.2222222222222222,True,Q1
U2OS_miR1,GNAI3,0.0713576301932334,0.337538565,0.1111111111111111,True,Q1
U2OS_miR155,ZWILCH,0.1863572895526886,0.901560894,1.0,True,Q4
U2OS_miR155,ORC6,0.1861186027526855,-0.290129429,0.9824561403508772,False,Q4
U2OS_miR155,NEMF,0.1791296899318695,0.246809521,0.9649122807017544,True,Q4
U2OS_miR155,NR1D2,0.1593099534511566,2.32593347,0.9473684210526316,True,Q4
U2OS_miR155,TSHZ3,0.1587582528591156,2.090551023,0.9298245614035088,True,Q4
U2OS_miR155,TMEM123,0.1560320854187011,1.314859798,0.912280701754386,True,Q4
U2OS_miR155,ZMYM2,0.1543035805225372,0.233601589,0.8947368421052632,True,Q4
U2OS_miR155,ANXA2,0.1470985561609268,1.36283786,0.8771929824561403,True,Q4
U2OS_miR155,RNF19A,0.1434518694877624,1.846786273,0.8596491228070176,True,Q4
U2OS_miR155,ZNF160,0.1399197280406952,0.15479561,0.8421052631578947,True,Q4
U2OS_miR155,UACA,0.1305703222751617,1.027556543,0.8245614035087719,True,Q4
U2OS_miR155,ITGA4,0.1298568099737167,0.441099795,0.8070175438596491,True,Q4
U2OS_miR155,SLC6A15,0.1276800632476806,0.7810961829999999,0.7894736842105263,True,Q4
U2OS_miR155,PAQR3,0.1232014670968055,1.701222606,0.7719298245614035,True,Q4
U2OS_miR155,CIAPIN1,0.1226508840918541,0.338377605,0.7543859649122807,True,Q3
U2OS_miR155,EMSY,0.114620640873909,-0.4317492269999999,0.7368421052631579,False,Q3
U2OS_miR155,ANTXR1,0.1132101565599441,0.187217088,0.7192982456140351,True,Q3
U2OS_miR155,LAMP2,0.1096647232770919,0.265862373,0.7017543859649122,True,Q3
U2OS_miR155,DUSP14,0.1067690104246139,0.443606651,0.6842105263157895,True,Q3
U2OS_miR155,RABGAP1,0.1039942279458046,1.130706731,0.6666666666666666,True,Q3
U2OS_miR155,MYLK,0.1003333255648613,0.791069838,0.6491228070175439,True,Q3
U2OS_miR155,WDFY1,0.0993408635258674,1.394523056,0.631578947368421,True,Q3
U2OS_miR155,OPHN1,0.0983072370290756,0.992964608,0.6140350877192983,True,Q3
U2OS_miR155,TENM3,0.0982399210333824,0.363778443,0.5964912280701754,True,Q3
U2OS_miR155,FBXO9,0.0966601520776748,0.317553148,0.5789473684210527,True,Q3
U2OS_miR155,ADGRL3,0.0958918631076812,1.865288993,0.5614035087719298,True,Q3
U2OS_miR155,FXR1,0.0924397483468055,-0.147351332,0.543859649122807,False,Q3
U2OS_miR155,PIK3R1,0.0923830345273017,0.454947442,0.5263157894736842,True,Q3
U2OS_miR155,MYO10,0.0917396694421768,0.775625244,0.5087719298245614,True,Q2
U2OS_miR155,SLC5A3,0.0891363695263862,1.881055313,0.4912280701754385,True,Q2
U2OS_miR155,KDM5B,0.0891242921352386,-0.018161704,0.4736842105263157,False,Q2
U2OS_miR155,PEA15,0.0890449285507202,0.03173752,0.4561403508771929,True,Q2
U2OS_miR155,NEO1,0.0882453098893165,0.5093088370000001,0.4385964912280701,True,Q2
U2OS_miR155,SLFN5,0.0874285027384758,0.402105664,0.4210526315789473,True,Q2
U2OS_miR155,SNTB2,0.086792878806591,0.396011906,0.4035087719298245,True,Q2
U2OS_miR155,TBC1D20,0.0855642333626747,0.86507042,0.3859649122807017,True,Q2
U2OS_miR155,CLCN5,0.0850503891706466,0.422620375,0.3684210526315789,True,Q2
U2OS_miR155,CNOT7,0.0845028758049011,-0.2230152329999999,0.3508771929824561,False,Q2
U2OS_miR155,SP1,0.0813967436552047,0.234281095,0.3333333333333333,True,Q2
U2OS_miR155,UTP23,0.0798300430178642,-0.808200499,0.3157894736842105,False,Q2
U2OS_miR155,BNC2,0.0797044187784195,0.2000916959999999,0.2982456140350877,True,Q2
U2OS_miR155,C14orf119,0.0781027600169181,-0.464109533,0.2807017543859649,False,Q2
U2OS_miR155,ZBTB20,0.0770075693726539,0.0362469899999999,0.2631578947368421,True,Q1
U2OS_miR155,CARHSP1,0.0752269700169563,0.463126102,0.2456140350877192,True,Q1
U2OS_miR155,ZNF445,0.075067825615406,-0.150435359,0.2280701754385964,False,Q1
U2OS_miR155,RREB1,0.0748771205544471,0.697561547,0.2105263157894736,True,Q1
U2OS_miR155,AAK1,0.0741736516356468,0.182474282,0.1929824561403508,True,Q1
U2OS_miR155,PHC2,0.0740077942609787,0.827606541,0.175438596491228,True,Q1
U2OS_miR155,GATAD2B,0.0708202421665191,0.181076831,0.1578947368421052,True,Q1
U2OS_miR155,SORT1,0.0679182484745979,0.789681537,0.1403508771929824,True,Q1
U2OS_miR155,IGF2R,0.0673185735940933,0.551701372,0.1228070175438596,True,Q1
U2OS_miR155,PML,0.0665227770805358,-0.282702431,0.1052631578947368,False,Q1
U2OS_miR155,TSPAN14,0.066415250301361,1.068864004,0.087719298245614,True,Q1
U2OS_miR155,CEP63,0.0638841912150383,-0.254346529,0.0701754385964912,False,Q1
U2OS_miR155,RBM28,0.062787152826786,0.247462213,0.0526315789473684,True,Q1
U2OS_miR155,GLG1,0.0591312013566494,0.559058828,0.0350877192982456,True,Q1
U2OS_miR155,NEMP1,0.047307401895523,1.439513545,0.0175438596491228,True,Q1
HEK293T_miR1,CAAP1,0.1764220297336578,0.2240402739999999,1.0,True,Q4
HEK293T_miR1,C6orf120,0.1192981749773025,-0.290623975,0.9090909090909092,False,Q4
HEK293T_miR1,FNDC3A,0.1104165688157081,0.636000257,0.8181818181818182,True,Q4
HEK293T_miR1,DICER1,0.1080494672060012,0.098238641,0.7272727272727273,True,Q3
HEK293T_miR1,DDX5,0.1073434427380561,0.550036216,0.6363636363636364,True,Q3
HEK293T_miR1,NCL,0.1015903502702713,-0.036414465,0.5454545454545454,False,Q2
HEK293T_miR1,SLC25A22,0.0811545699834823,0.754411566,0.4545454545454545,True,Q2
HEK293T_miR1,ZBTB38,0.0780607312917709,0.060687927,0.3636363636363636,True,Q2
HEK293T_miR1,SNTB2,0.0757714882493019,0.025498498,0.2727272727272727,True,Q1
HEK293T_miR1,GNAI3,0.0733547806739807,-0.039571592,0.1818181818181818,False,Q1
HEK293T_miR1,TCEANC2,0.0660309717059135,-0.371423086,0.0909090909090909,False,Q1
