dataset	gene	UTRPRISM	Sequence-only	Zero coverage	miRanda	tg_repression	wt_mean
GSE83684	Abcb7	0.2863115456599545	0.2564481931465723	0.3174314648948744	0.2680581734028921	0.2575732285033716	14.0423
GSE83684	Adnp	0.3836334319585272	0.3866377562661642	0.3398329518887096	0.0580933605091704	-0.3167866604413767	23.5523
GSE83684	Agfg2	0.1638410492829446	0.2559268339989158	0.2029463008366612	0.2714005911499906	-0.2739170736961616	12.0025
GSE83684	Akap13	0.0644711561574256	0.083382651090544	0.1062437109498682	0.2028725314183124	0.8161622463362028	16.1233
GSE83684	Akip1	0.1508078994614003	0.1466187911430281	0.1558946738479952	0.0176540993417115	-0.0894773161322346	21.2586
GSE83684	Akt2	0.1510302784744101	0.096988103304948	0.1236235204809906	0.217500355107848	-0.5758989812537196	13.0763
GSE83684	Alkbh5	0.0789946140035906	0.0442848593656493	0.0475763016157989	0.1268701376421304	-0.1137895135394178	20.6781
GSE83684	Anapc16	0.0059844404548174	0.0338120885697187	0.0089766606822262	0.1229802513464991	0.0371463078174123	23.8965
GSE83684	Ankrd11	0.142130460801915	0.1427289048473967	0.1143028126870137	0.0176540993417115	-0.2869426023402592	10.2306
GSE83684	Ankrd44	0.1274685816876122	0.0679233991621783	0.1436265709156194	0.1035308198683423	0.2982391607757733	17.1613
GSE83684	Ap1g1	0.1289937022467346	0.1255994801328181	0.1672352713968612	0.1303099475988468	-0.337781604927664	21.9486
GSE83684	Ap1m1	0.0114989116938618	0.111056958279664	0.0588456163559233	0.2787791907246146	-0.2020222090140482	72.7005
GSE83684	Ap1s3	0.1026331538001196	0.1256732495511669	0.1014362657091561	0.0330640335128665	0.3374372556012135	14.0924
GSE83684	Ap3m1	0.0901279940851846	0.1431856121452644	0.1830260712728623	0.1569407076227846	0.2007960122638752	14.1756
GSE83684	Apeh	0.3310763206798059	0.3289303765887363	0.2411107850889625	0.1056100399349502	-0.4921854827149206	33.377
GSE83684	Arfgap1	0.0508677438659485	0.0664272890484739	0.1223818073010173	0.1313584679832435	0.1996274682783467	16.9049
GSE83684	Arfgap3	0.3848152387284609	0.2580982278097861	0.3887744862206655	0.1778797967576312	0.1038357431786707	10.6208
GSE83684	Arhgap1	0.0477826902132019	0.0584353257707246	0.0878709814316571	0.2481636388050348	-0.0775393934747334	30.5323
GSE83684	Arhgap17	0.2312190520712629	0.1903441633470428	0.1144768753595222	0.3049619465843101	-0.3562092378636299	43.5239
GSE83684	Arid4b	0.1615798922800718	0.1576900059844404	0.1645721125074805	0.109964093357271	0.894577845143417	16.6742
GSE83684	Armc8	0.1110113704368641	0.1116098144823459	0.104129263913824	0.0176540993417115	0.4853058003889141	14.0578
GSE83684	Arpc5l	0.1247755834829443	0.142130460801915	0.1460203470975463	0.0176540993417115	0.3191125500634584	136.002
GSE83684	Arpp19	0.3464164991623866	0.2152172999758169	0.2081022777943885	0.3874474105450579	-0.0516237059091118	21.1138
GSE83684	Ascc2	0.1038242398019995	0.0544426596113263	0.0901279940851846	0.2481636388050348	-0.3926602177598246	21.9081
GSE83684	Atf2	0.1077398210635726	0.1582751881120168	0.0921628696137963	0.0121102032223145	0.5529448265644206	10.0441
GSE83684	B4galnt1	0.0332136445242369	0.0032914422501496	0.0451825254338719	0.0330640335128665	0.0114486806902851	33.6632
GSE83684	B9d2	0.1460203470975463	0.1442250149611011	0.1358467983243566	0.0070317175344105	-0.4847550437508019	16.423
GSE83684	BC035044	0.4499864758754006	0.331122689014856	0.3757895025817748	0.3672764704220819	0.0816521568715327	88.2796
GSE83684	Bin1	0.0338120885697187	0.0388988629563135	0.0631358467983243	0.0330640335128665	-0.6470448848715415	46.1107
GSE83684	Brd1	0.1532016756433273	0.1484141232794733	0.1579892280071813	0.0923099940155595	-0.2375618079386532	10.4375
GSE83684	Brix1	0.2910651143591758	0.3139004792525583	0.3304521816683824	0.1454032534800101	0.4732099618985952	40.7779
GSE83684	Caml	0.3321364452423698	0.3278702520261724	0.3139261742185	0.1980650861776003	-0.0643057049077762	10.1345
GSE83684	Cars2	0.0197486535008976	0.0038898862956313	0.0335128665469778	0.1313584679832435	0.683598643236428	16.9593
GSE83684	Casp2	0.3903806020145717	0.4300440264712784	0.3144139915504425	0.3478843559404074	-0.2246630497467245	13.4888
GSE83684	Cbr4	0.0990424895272292	0.1059245960502693	0.1128067025733094	0.0435368043087971	-0.3779616684390263	11.7763
GSE83684	Cc2d1b	0.2661177890393564	0.1610195762485681	0.2019715498706134	0.0805814853679602	-0.0558674568437984	20.8769
GSE83684	Ccdc25	0.189848499165328	0.1245393555702541	0.1590534969190906	0.1569407076227846	-0.0403727568365721	14.0278
GSE83684	Ccnt1	0.106593643044937	0.0323619264070719	0.0070883119619326	0.1216965104212194	-0.4034237416601991	30.7722
GSE83684	Cd53	0.3265366004068093	0.3017774285472729	0.3067788293373517	0.1274420578518013	0.5251412385584207	123.158
GSE83684	Cdc25b	0.0437998769101506	0.0530417759504851	0.074497125987311	0.1733234208518311	0.2103898253871525	16.7569
GSE83684	Cdc27	0.1463195691202872	0.1451226810293237	0.1256732495511669	0.0712148414123279	-0.2254036886056885	13.935
GSE83684	Cdip1	0.0546051181056676	0.032641724314566	0.1463320021683235	0.1569407076227846	0.0436446054850869	11.9586
GSE83684	Cdk1	0.082884500299222	0.0478755236385398	0.0909634949132256	0.0658288450029922	-0.1651964367396461	46.6007
GSE83684	Cdkal1	0.0610412926391382	0.0616397366846199	0.0694195092758827	0.0611909036505086	0.3625155935173283	15.1639
GSE83684	Cds2	0.0038898862956313	0.0020945541591861	0.0101735487731897	0.0070317175344105	0.3232514710980538	36.9666
GSE83684	Celf1	0.1562902689251842	0.0480061706233334	0.0193811416314327	0.2011749785124355	0.1988312740344771	44.2589
GSE83684	Celf2	0.0418910831837223	0.0278276481149012	0.0290245362058647	0.119539198084979	0.0591092811278279	29.6618
GSE83684	Cenpw	0.1299689119484785	0.2817732718461412	0.3710088116248797	0.3290265045227759	-0.5871762235690561	22.8379
GSE83684	Cep57	0.1529024536205865	0.1636744464392579	0.1514063435068821	0.0788450029922202	0.9875647057482752	20.9672
GSE83684	Chaf1a	0.0121230507052853	0.0392759987467487	0.0999940321369425	0.2857769245943925	0.1262850372423329	44.3609
GSE83684	Chmp1a	0.0748055056852184	0.0807899461400359	0.0607420706163973	0.0070317175344105	-0.0676735432614146	23.172
GSE83684	Chmp1b	0.1502094554159186	0.1388390185517654	0.1433273488928785	0.0435368043087971	0.186746319879699	12.1406
GSE83684	Cisd1	0.0011968880909634	0.0682226211849192	0.0080789946140035	0.0330640335128665	-0.2119472879575843	75.0334
GSE83684	Clpx	0.1080191502094554	0.0921603830041891	0.1520047875523638	0.0330640335128665	0.3421145116662067	20.3329
GSE83684	Clta	0.1322561340514662	0.1304608019150209	0.0508677438659485	0.0532615200478755	-0.3649945736999989	274.129
GSE83684	Cnot10	0.2447014493618531	0.2929972100240206	0.2046388531093395	0.1454032534800101	0.0363094324581423	21.4595
GSE83684	Cog8	0.0083782166367444	0.0335128665469778	0.0553560742070616	0.1229802513464991	-0.2659631107048241	28.298
GSE83684	Cpsf3	0.3081895658545399	0.318140977502814	0.291338641415975	0.2857769245943925	0.5552254442565454	95.3956
GSE83684	Cstf1	0.0511669658886894	0.0658288450029922	0.0272292040694195	0.0070317175344105	-0.1714324880650544	47.2207
GSE83684	Ctbp1	0.026032315978456	0.0406941950927588	0.0155595451825254	0.0070317175344105	-0.4783117569919266	37.5041
GSE83684	Ctsa	0.1508717224413201	0.2044763946149982	0.1434251555374309	0.2481636388050348	0.0317777953897131	41.5335
GSE83684	Cux1	0.0032914422501496	0.0119688809096349	0.0167564332734889	0.0330640335128665	-0.3090553333972248	13.2583
GSE83684	Cyp51	0.0897666068222621	0.106523040095751	0.1181926989826451	0.0176540993417115	0.4952823894263298	86.3113
GSE83684	Dazap2	0.1603830041891083	0.1172950329144225	0.1448234590065829	0.0923099940155595	0.4499781613013844	174.513
GSE83684	Dcaf7	0.1304477496334637	0.122978138857144	0.1451774396560643	0.1136424154565795	-0.3653596606944322	25.7628
GSE83684	Dcun1d1	0.1047277079593058	0.1143028126870137	0.0547576301615798	0.0923099940155595	1.1593997992010343	15.9174
GSE83684	Dcun1d5	0.0281268701376421	0.1026331538001196	0.0388988629563135	0.1451226810293237	0.1609185288113535	60.7201
GSE83684	Dgcr8	0.1090647462664488	0.0941193346736686	0.0862622350428212	0.1284424541136864	-0.1311819581712772	19.1327
GSE83684	Dgkz	0.1706891721413521	0.265006274544909	0.0307693072802956	0.0414269160570328	-0.2330764002745962	10.6898
GSE83684	Dlat	0.0694195092758827	0.0128665469778575	0.0688210652304009	0.0435368043087971	-0.0360057991317885	20.0936
GSE83684	Dnajc2	0.1666666666666666	0.1663674446439258	0.1666666666666666	0.1313584679832435	0.6212435833811902	77.9492
GSE83684	Dnmt1	0.1023339317773788	0.1023339317773788	0.1134051466187911	0.0243865948533812	-0.3512703870781672	107.757
GSE83684	Donson	0.1092160383004189	0.06852184320766	0.1011370436864153	0.0070317175344105	-0.1633680427243677	14.9543
GSE83684	Dpp3	0.1361460203470975	0.1475164572112507	0.1630760023937761	0.155146618791143	0.1039289434618604	53.5269
GSE83684	Dtx3l	0.0616397366846199	0.0897666068222621	0.1316576900059844	0.0532615200478755	-0.5206150850208449	25.696
GSE83684	E2f3	0.1500851249355553	0.1544109967823271	0.0626501290550386	0.2680581734028921	0.165238714986204	12.0304
GSE83684	E2f4	0.0721125074805505	0.1178934769599042	0.0703171753441053	0.0435368043087971	-0.379039355335288	42.5736
GSE83684	Ebna1bp2	0.0586475164572112	0.0553560742070616	0.0843806104129263	0.0788450029922202	0.4924973947944666	48.3999
GSE83684	Eif2ak2	0.2301589275086989	0.2454623519016761	0.166585437419496	0.2787791907246146	-0.0667539582644876	20.8936
GSE83684	Eif4a2	0.3292552935774189	0.3265109054408676	0.3195517140200023	0.0921591396993854	0.7737223311874448	78.3505
GSE83684	Eif4e	0.1382405745062836	0.1262716935966487	0.1047277079593058	0.0858767205266307	0.1766116508230153	60.5184
GSE83684	Eif4g2	0.1604074542376591	0.0735952282819533	0.1564436356523622	0.2250743397904747	0.3965884494690002	60.3145
GSE83684	Elf4	0.0538599640933572	0.0356074207061639	0.0005984440454817	0.0923099940155595	0.5428432505883714	17.2038
GSE83684	Elovl5	0.2923987659785389	0.2553026949874923	0.2207802649399649	0.2309546425830237	0.1025796453841705	29.9659
GSE83684	Etv6	0.0131574803019075	0.1069532235578078	0.2199596837695675	0.0671119355603409	-0.8848054523473388	10.2197
GSE83684	Exoc7	0.0053859964093357	0.0044883303411131	0.0362058647516457	0.0532615200478755	-0.2461524382034716	14.9709
GSE83684	Exosc4	0.3010422209733916	0.2241570807866306	0.2456762003279009	0.310048720970905	-0.5943234084795845	28.312
GSE83684	Ezh2	0.3130285081502774	0.3316747647252876	0.2245847776390802	0.048615289996701	0.1825804697826081	119.808
GSE83684	Fam50a	0.2669640651756955	0.2982978328368402	0.3233305317531758	0.1268701376421304	0.0948543028452171	75.3925
GSE83684	Fam76b	0.2911761829216336	0.3103951885761839	0.3092239954511621	0.2296964181217477	-0.0236972724652866	16.1576
GSE83684	Fam98a	0.3242538927873402	0.2958783616889716	0.2728034534034225	0.135507376112965	0.2635666067853117	20.4442
GSE83684	Fh1	0.1207862328030224	0.1536243992765623	0.2012363422967321	0.048615289996701	0.2835819332790708	142.752
GSE83684	Fmr1	0.3280963657913549	0.3090189243375783	0.3208888407649838	0.0592602230310143	0.6202175871357904	16.4152
GSE83684	Foxk1	0.0074805505685218	0.0182525433871932	0.0152603231597845	0.0070317175344105	-0.8117999797644173	11.2179
GSE83684	Ftsj1	0.0460801915020945	0.0918611609814482	0.0610412926391382	0.109964093357271	-0.2777590870141679	10.8955
GSE83684	Fxn	0.0822860562537402	0.0649311789347696	0.0891681627767803	0.119539198084979	-0.1198547421168747	30.5781
GSE83684	Git2	0.0292475022006495	0.0584096308047829	0.0918379526251137	0.3242451896537148	0.0006954801977308	20.1751
GSE83684	Gns	0.1319569120287253	0.0903650508677438	0.1175942549371633	0.0611909036505086	-0.7149208351721121	27.9618
GSE83684	Gpkow	0.13016157989228	0.1265709156193895	0.1424296828246559	0.0658288450029922	0.1547942798729309	15.7926
GSE83684	Grhpr	0.067185240553549	0.0034416354055331	0.0421221943569287	0.1334995936634788	0.2106536623800536	146.411
GSE83684	Grsf1	0.0936564931178934	0.1217833632555356	0.1154997007779772	0.0611909036505086	-0.141659031742062	20.3044
GSE83684	Gtf3c2	0.1743312263461261	0.2279872884516876	0.2277908462927137	0.1450961571935129	-0.0986655063109296	13.5648
GSE83684	Gtf3c3	0.1418312387791741	0.1615798922800718	0.1322561340514662	0.0788450029922202	0.1041518480113534	17.727
GSE83684	Gtpbp4	0.0760023937761819	0.0610412926391382	0.0948533812088569	0.0532615200478755	0.2527928927270686	66.6142
GSE83684	H3f3b	0.1543985637342908	0.1364452423698384	0.1654697785757031	0.0070317175344105	-0.1570984101096524	354.913
GSE83684	Hexim1	0.291338641415975	0.2286711060936855	0.3206118385825662	0.2390585032931	0.1665065524823399	26.4733
GSE83684	Hmga1	0.1402190868837974	0.1986883963191547	0.209768728729127	0.0964286483950592	-1.106715234846417	33.7545
GSE83684	Hmgb3	0.0663775568563286	0.2452741984413931	0.2075970896721156	0.2390585032931	1.2324170797625786	19.6312
GSE83684	Hmgn3	0.2134704615644752	0.1431599171793226	0.2875598236828015	0.2964515252034461	0.1158449391529643	62.333
GSE83684	Hnrnpr	0.0450666787752621	0.0572620137059986	0.1111563242961296	0.0899627893546817	0.3216798886798742	24.0785
GSE83684	Hsph1	0.0939325067842998	0.1174177056550475	0.0555027841738902	0.0671119355603409	0.202068807588609	71.4001
GSE83684	Hvcn1	0.183182348943573	0.0938868102881464	0.1910129464692803	0.2490669563998368	1.2855905172565674	70.3339
GSE83684	Ift140	0.2881325727623414	0.3061803852918699	0.3057187047747878	0.1578988811914507	0.4986248601164251	11.4885
GSE83684	Il10rb	0.080509788124284	0.1646873254192838	0.1769388509542779	0.2157191855193118	-0.1344615975377436	11.9181
GSE83684	Impa1	0.2352746671882677	0.123996674793397	0.2112094158301257	0.033620563189404	0.3535226953018062	24.9969
GSE83684	Ints10	0.0014961101137043	0.0248354278874925	0.0095751047277079	0.0070317175344105	-0.0099243491385809	27.0347
GSE83684	Ipo5	0.0266307600239377	0.0287253141831238	0.0655296229802513	0.1642728904847396	0.3045230395829765	163.956
GSE83684	Iqsec1	0.0976447133741223	0.1011748749843313	0.0955243029902651	0.404512280971379	-0.1525842042295302	32.3365
GSE83684	Irak2	0.2463857129358405	0.3001188599392272	0.2361947578953999	0.2346725383808192	-0.601497796488577	10.2385
GSE83684	Irf2bp2	0.0529622980251346	0.0703171753441053	0.0394973070017953	0.0978456014362657	-0.2354319546444507	16.7091
GSE83684	Irf4	0.0797745805504027	0.1657988399137312	0.156719399367738	0.1303099475988468	0.2978364630533283	27.9361
GSE83684	Isy1	0.0556395477022898	0.0931972992104185	0.0136448557849314	0.181986254022091	0.4564926057066705	37.9022
GSE83684	Itfg1	0.1549970077797726	0.1627767803710353	0.158587672052663	0.1451226810293237	0.3705539576960399	10.3823
GSE83684	Itm2c	0.2016466328819307	0.2469841569813222	0.2801132567789122	0.3133575694883054	-1.3411196355638588	12.0149
GSE83684	Iws1	0.1099794629267696	0.0781364176219746	0.1099409962694599	0.4018275085744975	1.098992856112745	16.1814
GSE83684	Kpnb1	0.2973013038793877	0.2204562558379288	0.3980030570397863	0.2660128902358852	0.295179819418002	178.888
GSE83684	Kri1	0.2611852343963405	0.2855870565672782	0.0269678497516216	0.2948787552747589	0.0779358790836761	26.8805
GSE83684	Kxd1	0.1342686300936125	0.1110312633137222	0.1556592748051741	0.169781974069635	-0.7288532135342622	16.6976
GSE83684	Lamp2	0.3309138621854646	0.3333333333333333	0.3318115282536872	0.310048720970905	0.5240164789780088	97.1075
GSE83684	Letm1	0.0574506283662477	0.0801915020945541	0.0179533213644524	0.0611909036505086	-0.2431258815328894	20.4265
GSE83684	Lpcat1	0.2424444367083257	0.2491044061064501	0.2156421006214866	0.2680581734028921	-0.0158407472861004	37.0986
GSE83684	Luc7l3	0.1567923399162178	0.1532016756433273	0.1454219030520646	0.0330640335128665	0.7543734757245764	39.7666
GSE83684	Lurap1	0.0229124497912076	0.0295981141552738	0.0153291193589188	0.174631277238736	0.87126155659488	13.1234
GSE83684	Maf1	0.1454219030520646	0.1454219030520646	0.1532016756433273	0.0176540993417115	-0.0940489905500134	23.7106
GSE83684	Man1a	0.1546977857570317	0.1478156792339916	0.108916816277678	0.0330640335128665	-0.4565696347898127	58.6989
GSE83684	Map4	0.0457992046164736	0.126086855615842	0.2436927147311726	0.1220121313394039	0.3790646370145012	52.1644
GSE83684	Mcm5	0.0679233991621783	0.082884500299222	0.0676241771394374	0.0330640335128665	-0.0194449596611852	179.99
GSE83684	Mdm2	0.1523040095751047	0.1493117893476959	0.1427289048473967	0.0070317175344105	-0.1006788039364341	18.4979
GSE83684	Mea1	0.0216114572699217	0.0034293190645498	0.0583658957299257	0.1832646882810575	-0.3328940642054201	48.3248
GSE83684	Med23	0.2925098345409967	0.2860123236372136	0.310583342036467	0.135507376112965	-0.0013685268773109	14.8605
GSE83684	Memo1	0.1636744464392579	0.1543985637342908	0.137342908438061	0.0070317175344105	0.5950452337367116	48.0354
GSE83684	Mepce	0.1190903650508677	0.1226810293237582	0.1319569120287253	0.1451226810293237	0.1693925445511617	26.4517
GSE83684	Metap1	0.2709117772391005	0.2894169711279855	0.283107112169837	0.2225181454288887	0.5972983046357694	37.8412
GSE83684	Mgrn1	0.0801915020945541	0.0951526032315978	0.1026331538001196	0.0330640335128665	-0.2963979167567068	19.7635
GSE83684	Mier1	0.2785657567333244	0.2828319499495218	0.2491557960383335	0.3145586019286144	0.8699438435279556	14.491
GSE83684	Mkrn1	0.3650057289377789	0.3657185814037203	0.4173701507011561	0.4035557834260903	0.2037963621428642	12.1115
GSE83684	Mms19	0.1688099285720924	0.0310275483624303	0.022649735295285	0.2385760870595737	-0.0712742306907876	15.4423
GSE83684	Morc2a	0.0963494913225613	0.1298623578695392	0.1241771394374626	0.0435368043087971	-0.3076516750559239	10.0729
GSE83684	Mre11a	0.1264374675704663	0.1019518227677291	0.1610369825158189	0.1932928679063244	0.219527715263899	23.0472
GSE83684	Mrpl3	0.2556002254061618	0.2374693501177095	0.2657499062748139	0.2610089254320091	0.083260727776663	69.6808
GSE83684	Mrpl48	0.1514766813394694	0.1168144964141121	0.2279310075425416	0.2481302526039946	0.0559532180208339	58.6986
GSE83684	Mrps18c	0.1119090365050867	0.1229802513464991	0.1337522441651705	0.1154997007779772	0.5960452344967742	190.041
GSE83684	Msh2	0.244128700282313	0.3296912791285594	0.2356220088158599	0.048615289996701	0.4836371386028189	55.8319
GSE83684	Mtmr14	0.1606822262118492	0.1367444643925792	0.1517055655296229	0.0070317175344105	-0.7559039422380609	16.5466
GSE83684	Mxd4	0.0681389053281412	0.0268794209846642	0.0799113440788023	0.1220121313394039	0.2210116235459125	19.589
GSE83684	Mylip	0.1146020347097546	0.1319569120287253	0.1292639138240574	0.0923099940155595	0.0463956206683153	10.1014
GSE83684	Naa60	0.0652304009575104	0.0771992818671454	0.0502692998204667	0.1229802513464991	0.5350973988804748	11.404
GSE83684	Nabp1	0.2828319499495218	0.3028375531098368	0.0387032496672087	0.2680581734028921	-0.3021902066421402	19.9197
GSE83684	Nadk2	0.1439257929383602	0.0984440454817474	0.1555954518252543	0.0923099940155595	0.0205316978878657	17.6122
GSE83684	Ndufs2	0.1642728904847396	0.1642728904847396	0.1648713345302214	0.0435368043087971	-0.3344905930419894	100.942
GSE83684	Ndufs6	0.0789026094481218	0.1145365539900966	0.0021202491251278	0.2570379340584287	0.6089493332432294	294.868
GSE83684	Nfat5	0.1597845601436265	0.1612806702573309	0.163375224416517	0.0788450029922202	0.1011407652391978	11.7866
GSE83684	Nif3l1	0.0945541591861161	0.1205864751645721	0.0652304009575104	0.0788450029922202	-0.1235706984893183	15.7276
GSE83684	Notch2	0.1089880990864196	0.1039353083644574	0.1170331100357906	0.0671119355603409	0.0728790975409676	45.7114
GSE83684	Npat	0.1400359066427289	0.1220825852782764	0.1490125673249551	0.0176540993417115	0.7272813954893187	14.2815
GSE83684	Nsun2	0.1050269299820466	0.1074207061639736	0.1346499102333931	0.1035308198683423	0.094187302134479	66.6821
GSE83684	Nub1	0.1020347097546379	0.1193895870736086	0.1475164572112507	0.0712148414123279	-0.0614690615073882	45.3466
GSE83684	Nucks1	0.1098144823459006	0.0206463195691202	0.0200478755236385	0.0070317175344105	0.2513730212698331	48.9014
GSE83684	Nudcd2	0.165769000598444	0.1582884500299222	0.165769000598444	0.0978456014362657	0.1636690196508574	24.2599
GSE83684	Nudt21	0.1563924069792081	0.2168696020696383	0.0873128698069843	0.1359227681180681	0.0510496005015603	120.166
GSE83684	Nudt5	0.1464204304762673	0.130200803752939	0.097838877345867	0.147169045873986	0.1715447282241182	62.9647
GSE83684	Nufip2	0.1379413524835428	0.1382405745062836	0.1561938958707361	0.0243865948533812	-0.3580719512323411	10.3229
GSE83684	Numa1	0.1277678037103531	0.1430281268701376	0.139736684619988	0.0330640335128665	-0.7374397772938392	25.0003
GSE83684	Nup153	0.1077199281867145	0.1340514661879114	0.0748055056852184	0.0330640335128665	-0.0975033688034168	41.8618
GSE83684	Nvl	0.0182102710238697	0.0334026268543891	0.1093130160751022	0.2647704610671533	0.1367192273074469	39.7835
GSE83684	Oas1a	0.2870724481997775	0.2730769804602217	0.2520369477032845	0.1220121313394039	-0.9861782379835852	11.4109
GSE83684	Ogt	0.4779494055509783	0.4713376734765777	0.4645173951629748	0.193158678067246	0.4483961438598136	47.7545
GSE83684	Ola1	0.2174117377919901	0.2666648431529546	0.2685886501191086	0.2570379340584287	0.4182278790973228	96.4351
GSE83684	Opa1	0.0682226211849192	0.0697187312986235	0.0924596050269299	0.119539198084979	-0.117200079524276	10.1043
GSE83684	Orc2	0.2521480162657423	0.2539433484021876	0.2224388335480106	0.2647704610671533	0.5511506962400654	20.0756
GSE83684	Osgep	0.1209486912973637	0.1584633415722998	0.2081101601210813	0.1980650861776003	-0.0037202528538307	41.3621
GSE83684	Otud4	0.1424296828246559	0.0900658288450029	0.0736086175942549	0.1268701376421304	0.0180817482374218	11.8995
GSE83684	Papola	0.2588336806298085	0.2894919193476462	0.193003177887078	0.1108572006412137	0.1143199290587215	24.8673
GSE83684	Parp3	0.1645721125074805	0.1499102333931777	0.1439257929383602	0.1313584679832435	-0.9293292867736772	10.0799
GSE83684	Pax5	0.0088788604880229	0.0022197151220057	0.0185552582740128	0.0701256499637906	-0.062097357794169	283.762
GSE83684	Pcgf5	0.1341570739606435	0.1496931507492284	0.1634104270074277	0.13308632848711	0.6212800803965508	17.4017
GSE83684	Pdf	0.1558946738479952	0.1603830041891083	0.1543985637342908	0.0070317175344105	-0.0854188098335591	19.5164
GSE83684	Pdk1	0.0637342908438061	0.1008378216636744	0.0658288450029922	0.0243865948533812	0.2080553438836587	16.1184
GSE83684	Pdp2	0.1578309138621854	0.1878136236367162	0.1825386957898383	0.1932928679063244	0.1526071946605243	11.8034
GSE83684	Pdrg1	0.2727777584374808	0.2345361892873542	0.0668906273052943	0.1454032534800101	0.5104482562007897	29.0957
GSE83684	Pex7	0.0399001377581722	0.0611540189413342	0.1488882368445918	0.3249078711140508	0.0838939532613487	14.4699
GSE83684	Pfn1	0.1690306035333064	0.175203197448407	0.1866681254776362	0.1056100399349502	-0.2800702300396747	3354.05
GSE83684	Pgls	0.1660682226211849	0.165769000598444	0.1636744464392579	0.0330640335128665	-0.8324426014622244	161.846
GSE83684	Pias1	0.0858767205266307	0.0981448234590065	0.1104129263913824	0.0712148414123279	0.0221486285439063	22.7434
GSE83684	Picalm	0.0081817744777705	0.0634367265608034	0.0577854917933594	0.0589181424694685	-0.5020285129445314	34.244
GSE83684	Pigx	0.0625374027528426	0.0819868342309994	0.1071214841412327	0.1229802513464991	-0.0680324652425987	17.8231
GSE83684	Pik3ap1	0.2904289728605235	0.3927994103890627	0.4198409673506094	0.3244430468580391	-0.2994125145268391	112.931
GSE83684	Pik3cd	0.0425954774395909	0.0620484017818263	0.1251696949798229	0.185560150612299	-0.5330603596583856	39.1041
GSE83684	Polr2f	0.1546676932196403	0.1331809591078376	0.1549669152423811	0.2488353809507046	-0.3262666741398314	159.8
GSE83684	Polr3c	0.200860035376166	0.1400052384575726	0.2117265193599135	0.1521278747279234	0.0295712631589033	36.3231
GSE83684	Polr3h	0.080490724117295	0.0909634949132256	0.0532615200478755	0.0070317175344105	-0.5827222723219667	14.163
GSE83684	Ppil3	0.1334530221424296	0.1211849192100538	0.1172950329144225	0.0858767205266307	0.9740013152970056	50.0956
GSE83684	Ppp2ca	0.0427887492519449	0.0323159784560143	0.0619389587073608	0.0330640335128665	0.0091780340384177	156.399
GSE83684	Ppp6c	0.0855774985038898	0.1403351286654698	0.1478156792339916	0.1154997007779772	0.8728837508352427	85.0432
GSE83684	Psmb1	0.1332598954629321	0.1612591196407346	0.1567707892996215	0.2036852383249534	-0.0105976098241882	510.484
GSE83684	Psmc6	0.262039749283442	0.3234672952815753	0.3162088818379692	0.2797278322897862	0.7222446985150688	255.891
GSE83684	Pxn	0.0315302098201186	0.1200253302631993	0.2139835320134409	0.1303099475988468	-0.3192797101042028	25.5198
GSE83684	Rab3gap1	0.1185035251835532	0.2074429198764652	0.1788966415850644	0.1578988811914507	0.1374678437409837	18.5621
GSE83684	Rab8b	0.1014362657091561	0.0766008378216636	0.1092160383004189	0.0070317175344105	1.1327289607565416	21.2432
GSE83684	Rabggta	0.1029323758228605	0.1361460203470975	0.1364452423698384	0.0858767205266307	-0.4070641082617152	11.6406
GSE83684	Rad51d	0.0397965290245362	0.0194494314781567	0.0529622980251346	0.0330640335128665	0.447444000729809	10.6574
GSE83684	Ralb	0.0015218050796461	0.0064975109037831	0.0053006228128196	0.3055388400131956	-0.1271128323559351	13.6228
GSE83684	Rbm27	0.2214897775479045	0.1909169124265828	0.187839318602658	0.2392632341507647	0.5567642347009549	20.356
GSE83684	Rbm34	0.2705207457839534	0.2478304331176613	0.1838466524432597	0.2138376509164814	0.6812865474531917	15.0292
GSE83684	Rbm43	0.0712148414123279	0.0646319569120287	0.1265709156193895	0.0243865948533812	0.0679802449154909	10.0878
GSE83684	Rnaseh2c	0.2427313498522518	0.2567220169194336	0.2457986666573523	0.1015518212957594	-0.333347982534768	77.9624
GSE83684	Rnf138	0.1573907839616996	0.1439257929383602	0.1642728904847396	0.1268701376421304	0.4466259701910098	10.2225
GSE83684	Rpa1	0.0783076840681155	0.0349647337156855	0.0958663117916762	0.203238991074568	0.2081297647108879	121.738
GSE83684	Rpap1	0.0864751645721125	0.1134051466187911	0.1217833632555356	0.0330640335128665	-0.5464108989930376	13.7259
GSE83684	Rpia	0.3140886327128413	0.2392980466852665	0.2781297711821839	0.1056100399349502	0.5177961052402864	47.4655
GSE83684	Rpl11	0.3106090370024086	0.3246898783384806	0.2973744718026759	0.0671119355603409	-0.0102558398184964	2389.64
GSE83684	Rpl31	0.0439856373429084	0.1032315978456014	0.0763016157989227	0.0243865948533812	0.2960581246020428	360.221
GSE83684	Rps15a	0.0251346499102333	0.0344105326152004	0.0263315380011968	0.119539198084979	0.6291986411160133	71.2783
GSE83684	Rps3	0.2420578092290783	0.309891558213237	0.1916313305250706	0.1274921585201433	-0.2008311297063585	610.462
GSE83684	Sars2	0.0849790544584081	0.0912627169359664	0.0649311789347696	0.1229802513464991	-0.6662599258796909	12.3057
GSE83684	Sdad1	0.0769000598444045	0.0724117295032914	0.1140035906642728	0.0176540993417115	0.1636032222811536	36.1883
GSE83684	Sdhd	0.1169958108916816	0.1588868940754039	0.1663674446439258	0.0978456014362657	-0.0008047772138679	94.2952
GSE83684	Sec23ip	0.3045218166838243	0.2928347515296793	0.2601076536185971	0.2481636388050348	0.2301666668414794	27.3316
GSE83684	Sec24c	0.1250748055056852	0.1175942549371633	0.1283662477558348	0.0330640335128665	0.0032096048165053	51.6662
GSE83684	Sec62	0.1104129263913824	0.1277678037103531	0.0421903052064631	0.1035308198683423	0.0866568389614523	13.2189
GSE83684	Serbp1	0.3525878982767798	0.1577960719849188	0.3877026182623849	0.3850779948024192	0.0854813370078142	144.874
GSE83684	Sf3a1	0.1641619429931615	0.1126397209950757	0.1816557848470381	0.1033503901093113	-0.1776368388223907	89.5655
GSE83684	Sf3b1	0.2661383772976777	0.3084777331746448	0.1602205053378071	0.2465920068496067	0.5672417185605809	162.207
GSE83684	Sf3b2	0.3190900335029201	0.3199620046052009	0.2459497273847	0.0589181424694685	0.2734141924276008	154.281
GSE83684	Sh3kbp1	0.0831837223219629	0.080490724117295	0.0359066427289048	0.0435368043087971	-0.2090783338519002	14.4476
GSE83684	Sike1	0.0447647750198514	0.0613164774356755	0.0087802185232522	0.1924043194066618	0.1367858306135794	12.5622
GSE83684	Slc16a1	0.2764198126422548	0.2317404112189194	0.2518744892089432	0.0805814853679602	0.2177704565899372	31.0251
GSE83684	Slc1a5	0.16098144823459	0.1517055655296229	0.1508078994614003	0.0070317175344105	0.0793540696297565	72.1914
GSE83684	Slc7a1	0.0594043036742601	0.0249891139069547	0.033493655794545	0.2247270908866519	-0.393064253368296	27.2545
GSE83684	Smad2	0.0125673249551166	0.0469778575703171	0.0574506283662477	0.1154997007779772	0.540568353908184	11.5929
GSE83684	Snx1	0.2083066022800552	0.1918916633926307	0.0768420389535683	0.2929582531401735	0.6204330943916219	98.7216
GSE83684	Snx29	0.0180307465181966	0.0489053363977394	0.0856415343453324	0.1584494128495484	0.5384161787882569	74.4991
GSE83684	Soat1	0.0272292040694195	0.0101735487731897	0.0209455415918611	0.1406343506882106	0.5808464314828803	11.9443
GSE83684	Socs3	0.0867743865948533	0.0523638539796529	0.1002393776181927	0.0070317175344105	-2.273431492877544	16.999
GSE83684	Sprtn	0.0718132854578097	0.0939557151406343	0.0314183123877917	0.0070317175344105	-0.076876949067449	17.697
GSE83684	Sptlc2	0.0703171753441053	0.0224416517055655	0.087672052663076	0.0978456014362657	0.1495431951288086	13.3501
GSE83684	Srebf1	0.4534538062468754	0.4255653103756118	0.4538282861060375	0.3069082822012541	0.1696403923030436	54.498
GSE83684	Srebf2	0.096947935368043	0.0673249551166965	0.0484739676840215	0.0658288450029922	-0.4679527464277635	79.1487
GSE83684	Ssr2	0.1522650526912575	0.2468216984869809	0.1891986651879628	0.142135019586195	-0.4391390671917365	113.208
GSE83684	Stt3a	0.184519126675139	0.2789376833715486	0.2691305975250864	0.1746722566271514	0.4466322514683716	69.3329
GSE83684	Stx7	0.1316576900059844	0.1098144823459006	0.1298623578695392	0.0788450029922202	-0.3332506005277267	27.8046
GSE83684	Taf10	0.060440547431588	0.1259323987796532	0.3458321475172667	0.1629394106059234	-0.0717800856437866	201.886
GSE83684	Tardbp	0.2831354584406778	0.1885890415519047	0.2063923659892926	0.2075902613856271	0.613941122640024	71.4053
GSE83684	Tfam	0.0643086976630843	0.1025245718472691	0.2159670176101692	0.1056100399349502	0.6386056447051791	21.7306
GSE83684	Tgs1	0.2689989407043073	0.2809595329152514	0.2508143646463792	0.1450961571935129	0.2161053405688782	17.4436
GSE83684	Thoc7	0.1663674446439258	0.1660682226211849	0.1484141232794733	0.109964093357271	0.7970894838666016	88.8226
GSE83684	Thop1	0.0356074207061639	0.0754039497307001	0.0466786355475763	0.0070317175344105	-0.2424560449922808	35.118
GSE83684	Timm13	0.0966487133453022	0.1086175942549371	0.111310592459605	0.0243865948533812	0.2715190568252241	94.4405
GSE83684	Timm17b	0.0454817474566128	0.0481747456612806	0.0409934171154997	0.0788450029922202	-0.2821502272173033	25.5179
GSE83684	Tle4	0.1244763614602034	0.1307600239377618	0.1597845601436265	0.0858767205266307	-0.047268007594039	18.0389
GSE83684	Tma16	0.1725143839500444	0.2023637419114795	0.17407213155907	0.1394934966839027	0.4371622019273111	44.2296
GSE83684	Tmed8	0.1064787939255797	0.0538551730965069	0.1120380451011897	0.3559552077948703	0.7355017271510995	11.8067
GSE83684	Tmem123	0.1457211250748055	0.1274685816876122	0.1567923399162178	0.1406343506882106	0.2628407491975011	352.074
GSE83684	Tmem135	0.2645519233054164	0.2027431737036901	0.5189673225144987	0.2548067300322377	-0.1075703779887025	10.8044
GSE83684	Tmem38b	0.1310592459605027	0.1107121484141232	0.1169958108916816	0.0330640335128665	0.6016107341025885	52.9254
GSE83684	Tom1	0.0068224278924657	0.0424563724344405	0.0283498361324268	0.1220121313394039	-0.2802354085388536	11.4482
GSE83684	Tomm20	0.0691733349247634	0.0960527559094277	0.0488685097417075	0.2229556339113871	0.2141767111356447	40.6848
GSE83684	Tpd52	0.0371035308198683	0.0550568521843207	0.0332136445242369	0.0243865948533812	-0.0954840891598634	20.2776
GSE83684	Tra2b	0.1535008976660682	0.1433273488928785	0.1367444643925792	0.1229802513464991	0.120670291764787	199.409
GSE83684	Traf2	0.1390340367961587	0.1630265201526614	0.1896118729435763	0.033620563189404	0.278609716978158	23.4372
GSE83684	Trim56	0.0041891083183722	0.0176540993417115	0.0356074207061639	0.0858767205266307	0.0128242628056307	12.9088
GSE83684	Tsnax	0.0371014202752814	0.030641788962478	0.0816602667018447	0.1948092895776974	-0.0569920305787974	22.7221
GSE83684	Tspan3	0.1538382477027871	0.2231226511900085	0.1858815279718714	0.2229556339113871	-1.126670944987859	13.4923
GSE83684	Ttc9c	0.1993896202284033	0.2302186061392733	0.1331488269004742	0.3133575694883054	0.2761395664658153	10.4601
GSE83684	Txndc16	0.09934171154997	0.0035906642728904	0.1163973668461998	0.0330640335128665	0.2985541638440354	16.1064
GSE83684	Ubac2	0.0054630813071609	0.013969772773614	0.046910719110921	0.1220121313394039	-1.0042327194616698	12.1586
GSE83684	Ube2f	0.0832541762608354	0.0749870281865487	0.0234851988707476	0.169781974069635	0.3644764198761923	13.3563
GSE83684	Ube2g1	0.4177830479495671	0.4552985399950708	0.4608252765730729	0.2138499678582326	0.4715359793144724	19.5947
GSE83684	Ube2o	0.0894673847995212	0.09934171154997	0.1277678037103531	0.0330640335128665	0.2129626176101915	22.4367
GSE83684	Ube2r2	0.2147249835253244	0.1339722946021278	0.2930576997860039	0.0706091205666822	-0.1855133361611685	12.3524
GSE83684	Ube2v1	0.0606666434583103	0.1415270435372187	0.2000137592398268	0.0589181424694685	-0.4231329649721118	65.752
GSE83684	Ubp1	0.0810891681627767	0.1128067025733094	0.1379413524835428	0.0070317175344105	-0.0343700079969062	12.137
GSE83684	Ubxn4	0.2381782434921282	0.186402887119528	0.2091188947517618	0.0671119355603409	0.4519942587420056	35.7296
GSE83684	Uck2	0.0182525433871932	0.0535607420706163	0.0724117295032914	0.0243865948533812	-0.213327589837907	85.8088
GSE83684	Ufl1	0.1960467880463703	0.2604408593059706	0.071892028095373	0.2036852383249534	0.1853520327086957	14.2873
GSE83684	Unc45a	0.3207648440901904	0.2790670327188221	0.3192926018810237	0.2213902414034793	-0.0886811457511749	20.1165
GSE83684	Usp24	0.0882704967085577	0.0963494913225613	0.0266307600239377	0.0070317175344105	0.1242904790813952	13.164
GSE83684	Utp14b	0.0607420706163973	0.0454817474566128	0.1125074805505685	0.0712148414123279	0.60158253679421	19.5859
GSE83684	Uxs1	0.1493117893476959	0.1286654697785757	0.16098144823459	0.1451226810293237	0.3119068014808213	19.2513
GSE83684	Vdac2	0.1538001196888091	0.1391382405745062	0.0813883901855176	0.0330640335128665	-0.2563207276237671	181.769
GSE83684	Vps16	0.2339377452418725	0.1847443185114823	0.1477767223501444	0.048615289996701	0.0302055456158694	38.581
GSE83684	Vps53	0.0782527754707566	0.1685175330843408	0.1617721900897003	0.3310763206798059	0.3441928857474696	36.5406
GSE83684	Wdfy1	0.2441535276762906	0.1637000607758349	0.2072194007642386	0.1052027374740072	-2.669545255900105	15.3575
GSE83684	Wdfy2	0.0676241771394374	0.0251346499102333	0.0233393177737881	0.0611909036505086	0.9186404757645512	21.1731
GSE83684	Wdr1	0.139736684619988	0.1101137043686415	0.0819868342309994	0.0243865948533812	0.1273768943169884	165.794
GSE83684	Wtap	0.1499102333931777	0.16098144823459	0.116098144823459	0.0070317175344105	0.3227607572149695	56.9217
GSE83684	Ythdf3	0.238964840997893	0.3131395767127352	0.105021127892963	0.2742908603835015	0.2712357849912101	13.9545
GSE83684	Yy1	0.0324908048063798	0.0763778221567744	0.0319696878004827	0.1025272493763406	0.1669414956573192	76.5645
GSE83684	Zc3h15	0.1184919210053859	0.1538001196888091	0.1202872531418312	0.0176540993417115	0.0237842943384807	74.247
GSE83684	Zfp384	0.2340177263464776	0.2753592881580419	0.3829990159282794	0.2994023890171143	-0.101951965529242	21.8859
GSE83684	Znhit6	0.1192644277233762	0.058683157861582	0.0768080552889357	0.2680581734028921	0.7756560823546566	16.6316
GSE83684	2510002D24Rik	0.1358625162127107	0.1345654993514915	0.1352140077821011	0.1420233463035019	0.0967402550046401	10.7066
GSE83684	Abcf2	0.1465629053177691	0.0992217898832684	0.1485084306095979	0.0723086900129701	-0.5454686981626091	50.9456
GSE83684	Abhd17a	0.12905317769131	0.1271076523994811	0.1102464332036316	0.0723086900129701	-0.6265197985469522	19.7117
GSE83684	Acbd3	0.1245136186770428	0.1387808041504539	0.0920881971465629	0.064526588845655	0.4963366406401608	16.4836
GSE83684	Actr8	0.1582360570687419	0.1335927367055771	0.1478599221789883	0.0363164721141374	0.0936158481182762	15.3523
GSE83684	Aff3	0.1274319066147859	0.1199740596627756	0.0119974059662775	0.0059987029831387	-1.1514393324860397	22.3559
GSE83684	Akap8	0.1569390402075227	0.1355382619974059	0.1650453955901426	0.0945201037613489	-0.1178423599249498	33.8975
GSE83684	Alkbh7	0.0891699092088197	0.1147859922178988	0.1147859922178988	0.0557717250324254	-0.185565400848092	22.2353
GSE83684	Alpl	0.1309987029831388	0.1151102464332036	0.1556420233463035	0.0796044098573281	-0.0574850862639015	51.816
GSE83684	Amd1	0.1485084306095979	0.1566147859922179	0.1089494163424124	0.1376459143968871	1.70746569535829	18.5938
GSE83684	Ampd2	0.0593385214007782	0.12905317769131	0.11284046692607	0.1053826199740596	-0.1211268057495447	24.5857
GSE83684	Ankrd13a	0.1488326848249027	0.1342412451361867	0.1335927367055771	0.1053826199740596	0.062226064624407	24.2538
GSE83684	Anln	0.1536964980544747	0.1313229571984435	0.1462386511024643	0.1420233463035019	0.4241743111510132	10.6146
GSE83684	Arf3	0.0068093385214007	0.0061608300907911	0.0129701686121919	0.0945201037613489	-0.1786521477241374	23.3735
GSE83684	Arfrp1	0.1018158236057068	0.1348897535667963	0.1271076523994811	0.0173476005188067	0.8579311018020506	12.7727
GSE83684	Arid5a	0.0304798962386511	0.0204280155642023	0.0301556420233463	0.0945201037613489	-0.2267902374001256	22.6845
GSE83684	Arih1	0.061284046692607	0.0774967574578469	0.0113488975356679	0.1554798962386511	0.0683739673575063	14.0708
GSE83684	Atf7ip	0.0698543163458128	0.1485363626206541	0.1614822425275798	0.0812602923388565	-0.2562880106680429	29.3174
GSE83684	Atg101	0.1614785992217899	0.1634241245136186	0.1579118028534371	0.0059987029831387	0.0014736442571683	36.0359
GSE83684	Atm	0.1021400778210116	0.1319714656290531	0.0723086900129701	0.1575875486381323	0.1520714229326181	20.1698
GSE83684	Atp6v1c1	0.0029310037893237	0.0305689071997151	0.0162762900231428	0.1311322194247348	0.5845808117732263	28.8004
GSE83684	BC005537	0.1050583657587548	0.1303501945525292	0.0236705577172503	0.1151102464332036	-0.0939373364155731	10.4278
GSE83684	Bag5	0.0184824902723735	0.0823605706874189	0.0765239948119325	0.064526588845655	0.1856494286696217	15.3581
GSE83684	Bank1	0.1605058365758755	0.1647211413748378	0.1598573281452659	0.0557717250324254	0.5767987577540623	137.882
GSE83684	Bysl	0.0421530479896238	0.0395590142671854	0.0661478599221789	0.1459143968871595	-0.572617115942248	18.8948
GSE83684	Cbl	0.0388461407676202	0.0361306635188504	0.0159212463020446	0.1078594606935882	-0.3133090728188978	32.1061
GSE83684	Ccdc47	0.1910391679661124	0.2216817985300475	0.1566912954138066	0.2139403809440534	0.1336212976628612	23.9292
GSE83684	Ccna2	0.1540207522697795	0.164396887159533	0.0810635538261997	0.1420233463035019	0.051674936726286	76.1185
GSE83684	Cct5	0.0690661478599221	0.1024643320363164	0.1040856031128404	0.0557717250324254	0.2248282020023833	601.993
GSE83684	Cd40	0.1131647211413748	0.0946822308690013	0.0492866407263294	0.0265888456549935	0.1530406793398713	150.997
GSE83684	Cdk12	0.1533722438391699	0.1540207522697795	0.1582360570687419	0.1105706874189364	-0.6878782210481131	10.7412
GSE83684	Cdk2	0.1147859922178988	0.1215953307392996	0.1121919584954604	0.0796044098573281	0.3171155492139759	49.1693
GSE83684	Cdk6	0.0382619974059662	0.0119974059662775	0.0275616083009079	0.1251621271076524	-0.0527015019028844	14.1389
GSE83684	Cenpa	0.164396887159533	0.1592088197146563	0.1433203631647211	0.0997081712062256	-0.5354467859561929	28.1217
GSE83684	Cfl1	0.0963035019455252	0.0820363164721141	0.0126459143968871	0.0723086900129701	0.3432914402919227	2281.07
GSE83684	Chmp6	0.1507782101167315	0.1264591439688716	0.1297016861219196	0.1619649805447471	0.1634968051320693	15.7383
GSE83684	Ciita	0.0583657587548638	0.0152399481193255	0.0651750972762646	0.0265888456549935	-0.0930009698114631	39.5252
GSE83684	Cir1	0.0927367055771725	0.1624513618677042	0.1504539559014267	0.0465304798962386	0.7967925982487389	14.15
GSE83684	Cnbp	0.0411802853437094	0.1251621271076524	0.0616083009079118	0.064526588845655	0.2958506748996097	389.304
GSE83684	Commd2	0.1303501945525292	0.0943579766536965	0.1569390402075227	0.1105706874189364	0.1733035322483638	14.1495
GSE83684	Copg1	0.117704280155642	0.0862516212710765	0.0859273670557717	0.0997081712062256	-0.0922473959070737	56.1077
GSE83684	Copg2	0.0428015564202334	0.0311284046692607	0.1034370946822308	0.0363164721141374	0.2224063515309815	15.8504
GSE83684	Cox14	0.0749027237354085	0.0583657587548638	0.1326199740596627	0.1332684824902723	-0.4722280627911281	52.3839
GSE83684	Cpne1	0.1481841763942931	0.0758754863813229	0.1073281452658884	0.1053826199740596	-0.58907550791481	26.3715
GSE83684	Cpne3	0.0904669260700389	0.1222438391699092	0.0719844357976653	0.0059987029831387	-0.2438463676591888	13.8861
GSE83684	Csrnp1	0.0761997405966277	0.1228923476005188	0.1254863813229572	0.0723086900129701	-0.8854392936798687	19.7815
GSE83684	Ctsz	0.0327496757457847	0.0269130998702983	0.0051880674448767	0.1528858625162127	-0.705930187177497	277.962
GSE83684	Cul3	0.0911154345006485	0.1501297016861219	0.1523994811932555	0.1459143968871595	0.4770201362989583	42.1873
GSE83684	Cwf19l1	0.1228923476005188	0.0554474708171206	0.1037613488975356	0.0059987029831387	0.4053625021026468	11.0988
GSE83684	Cyb5b	0.1870819663792884	0.2448055746293329	0.2590600442511635	0.1834198011240813	0.3355862452298659	21.7066
GSE83684	Dcp1a	0.0243190661478599	0.0194552529182879	0.0586900129701686	0.1459143968871595	0.0635652933135006	12.535
GSE83684	Ddit4	0.1381322957198443	0.1391050583657587	0.1449416342412451	0.1204604409857328	0.4635471493889156	86.5108
GSE83684	Derl1	0.0616083009079118	0.0658236057068741	0.0567444876783398	0.0059987029831387	-0.3719754113268863	26.4162
GSE83684	Dmap1	0.0609597924773022	0.0035667963683527	0.062905317769131	0.0265888456549935	-0.6112248231549282	20.9776
GSE83684	Dnajb1	0.059662775616083	0.0966277561608301	0.0875486381322957	0.0557717250324254	-0.0362578192247724	28.0667
GSE83684	Dock10	0.166018158236057	0.166018158236057	0.0486381322957198	0.0557717250324254	0.6878006331006867	129.03
GSE83684	Dr1	0.1637483787289234	0.1653696498054474	0.1653696498054474	0.1251621271076524	0.3094429543627974	28.1449
GSE83684	Dync1h1	0.0736057068741893	0.0609597924773022	0.099870298313878	0.0363164721141374	-0.5221398491319027	33.2088
GSE83684	Eif4b	0.053177691309987	0.0573929961089494	0.0411802853437094	0.1608300907911803	-0.2642481184153622	78.4629
GSE83684	Eif4h	0.114461738002594	0.0969520103761348	0.1050583657587548	0.1481841763942931	-0.2375742205359579	130.137
GSE83684	Elavl1	0.0042153047989623	0.0408560311284046	0.0139429312581063	0.0875486381322957	-0.1304368895371288	49.3342
GSE83684	Elovl1	0.1297016861219196	0.1322957198443579	0.1588845654993515	0.1105706874189364	0.1138801429815812	43.0761
GSE83684	Esco2	0.1423476005188067	0.1397535667963683	0.1647211413748378	0.1332684824902723	0.8077637878341668	24.4423
GSE83684	Exosc1	0.0035667963683527	0.0535019455252918	0.0006485084306095	0.1204604409857328	-0.2824538342075984	33.3408
GSE83684	Fads2	0.1361867704280155	0.0985732814526588	0.1394293125810635	0.0557717250324254	0.1463614997599096	55.745
GSE83684	Fbxw11	0.1083009079118028	0.0836575875486381	0.0726329442282749	0.0059987029831387	0.0243420598702659	11.2639
GSE83684	Foxo3	0.0444228274967574	0.0214007782101167	0.0642023346303502	0.0997081712062256	0.4243207979839098	15.3146
GSE83684	Frmd8	0.0282101167315175	0.0405317769130998	0.0590142671854734	0.1251621271076524	-0.7407874032750312	12.3603
GSE83684	Gatad2b	0.0048638132295719	0.036964980544747	0.0061608300907911	0.0465304798962386	0.0913483705822226	86.8687
GSE83684	Gcat	0.1070038910505836	0.109597924773022	0.130674448767834	0.1528858625162127	-0.8250357126173804	12.9986
GSE83684	Gfm2	0.1501297016861219	0.1329442282749675	0.1280804150453956	0.1251621271076524	0.1670381300040802	13.4433
GSE83684	Gle1	0.0716601815823605	0.1261348897535668	0.1416990920881971	0.1332684824902723	-0.196714721079771	10.5468
GSE83684	Glipr2	0.1157587548638132	0.0726329442282749	0.1429961089494163	0.0465304798962386	-1.116239873141823	13.1063
GSE83684	Glo1	0.0097060693921984	0.032388594874448	0.0234343281919728	0.0318528119397408	0.1363246186464159	62.2649
GSE83684	Gpi1	0.1523994811932555	0.099870298313878	0.1475356679636835	0.0363164721141374	0.2222633106372153	453.426
GSE83684	Grpel2	0.0538261997405966	0.0729571984435797	0.0872243839169909	0.0557717250324254	-0.0029906386866418	10.8871
GSE83684	Gypc	0.0379377431906614	0.053177691309987	0.0269130998702983	0.1595330739299611	-0.1114672515740107	19.4437
GSE83684	Hip1r	0.0567444876783398	0.045071335927367	0.0029182879377431	0.0796044098573281	-0.8252590194553564	33.3895
GSE83684	Hmmr	0.1271076523994811	0.1378080415045395	0.1141374837872892	0.1575875486381323	1.0165215584635408	20.4388
GSE83684	Hmox2	0.0214007782101167	0.0100518806744487	0.0132944228274967	0.1595330739299611	0.4001806160733681	82.6497
GSE83684	Hnrnpab	0.1416990920881971	0.1595330739299611	0.12094682230869	0.0265888456549935	-0.1201809402279359	351.708
GSE83684	Hnrnpd	0.040207522697795	0.0888456549935149	0.0230220492866407	0.1251621271076524	0.5657470656681935	94.8507
GSE83684	Hnrnph1	0.1650453955901426	0.1663424124513618	0.162775616083009	0.0363164721141374	0.5933667248048975	260.975
GSE83684	Hp1bp3	0.1034370946822308	0.1131647211413748	0.0415045395590142	0.1528858625162127	0.3422097506789079	32.3277
GSE83684	Ifit1	0.0275616083009079	0.0207522697795071	0.0045395590142671	0.0363164721141374	1.3547534876686051	22.1222
GSE83684	Ikbke	0.1316472114137483	0.1170557717250324	0.1371595330739299	0.1204604409857328	0.6364821796810243	10.7405
GSE83684	Immt	0.1073281452658884	0.1293774319066148	0.1498054474708171	0.1105706874189364	-0.0401111882328706	81.8648
GSE83684	Imp4	0.0009727626459143	0.0376134889753566	0.0635538261997405	0.0265888456549935	-0.3176238742678121	46.0637
GSE83684	Ing1	0.1494811932555123	0.125810635538262	0.1407263294422827	0.064526588845655	-0.2317830905101479	11.1777
GSE83684	Ino80c	0.1566147859922179	0.1070038910505836	0.1092736705577172	0.0465304798962386	0.5208078828831746	15.8705
GSE83684	Ipo11	0.1397535667963683	0.1394293125810635	0.1115434500648508	0.064526588845655	-0.0361809818530538	19.2095
GSE83684	Ipo9	0.0265888456549935	0.0379377431906614	0.0019455252918287	0.1204604409857328	-0.2860709282291092	21.1614
GSE83684	Ireb2	0.1546692607003891	0.1089494163424124	0.1404020752269779	0.1053826199740596	0.1819403684352702	12.3043
GSE83684	Ivd	0.0324254215304799	0.0541504539559014	0.0538261997405966	0.0173476005188067	0.384742270769987	19.6014
GSE83684	Jak1	0.0416653193499825	0.2753115894384743	0.2976806392388918	0.3031498467651825	0.4984236201414465	93.2113
GSE83684	Kptn	0.0541504539559014	0.0988975356679636	0.1303501945525292	0.0173476005188067	0.4066156772952656	14.9303
GSE83684	Larp1	0.1138060438830026	0.0059246005655137	0.1304202550201019	0.2252753915302283	-1.24542686490555	28.5693
GSE83684	Lnpep	0.1138132295719844	0.0175097276264591	0.0599870298313878	0.0796044098573281	0.4159079304415476	49.9416
GSE83684	Lrrc47	0.0826848249027237	0.0959792477302204	0.1001945525291828	0.0363164721141374	-0.4336143063272635	27.527
GSE83684	Lss	0.0758754863813229	0.0366407263294422	0.0904669260700389	0.0723086900129701	0.2407749590130112	62.6722
GSE83684	Luc7l	0.0787937743190661	0.0768482490272373	0.0557717250324254	0.0265888456549935	-0.0248642779764587	48.582
GSE83684	Lzic	0.0489623865110246	0.0577172503242542	0.0356679636835278	0.0059987029831387	0.1375667690950885	20.1655
GSE83684	Madd	0.2370759799278139	0.1888908319853102	0.1414185575423716	0.2139403809440534	0.299211714959402	12.7698
GSE83684	Mak16	0.1601815823605707	0.1407263294422827	0.1549935149156939	0.1420233463035019	0.4181831827229798	63.1201
GSE83684	Mapk1ip1l	0.0953307392996108	0.0638780804150454	0.0804150453955901	0.1376459143968871	-0.640147728133913	38.3192
GSE83684	Mapkapk5	0.0745784695201037	0.1167315175097276	0.1248378728923476	0.1105706874189364	0.2939688037195882	10.6861
GSE83684	Marcksl1	0.1027885862516212	0.1141374837872892	0.1167315175097276	0.0265888456549935	0.1596508830909622	100.596
GSE83684	Mbnl1	0.1410505836575875	0.1436446173800259	0.1287289234760052	0.1332684824902723	-0.0393552328516202	71.8798
GSE83684	Med11	0.0723086900129701	0.0223735408560311	0.051556420233463	0.0173476005188067	0.263216815984399	51.6811
GSE83684	Med12	0.1436446173800259	0.1190012970168612	0.0888456549935149	0.1151102464332036	-0.3122685385551058	18.7337
GSE83684	Mef2d	0.0651750972762646	0.0346952010376134	0.0311284046692607	0.1204604409857328	-1.148580493859562	27.8872
GSE83684	Mkln1	0.0278858625162127	0.0142671854734111	0.0914396887159533	0.0465304798962386	0.1026678546767261	19.8259
GSE83684	Mrpl15	0.1190012970168612	0.0697146562905317	0.1206225680933852	0.0173476005188067	0.9053588787902828	64.1963
GSE83684	Mrpl30	0.0979247730220492	0.0839818417639429	0.0898184176394293	0.064526588845655	0.4620205361800895	146.394
GSE83684	Mrpl35	0.0966277561608301	0.1037613488975356	0.1472114137483787	0.0363164721141374	0.3529788978436521	16.3243
GSE83684	Mrpl43	0.1455901426718547	0.1514267185473411	0.1413748378728923	0.1053826199740596	-0.6590213303202823	49.6466
GSE83684	Mrps17	0.0654993514915694	0.0739299610894941	0.0012970168612191	0.1420233463035019	-0.0779125878964279	50.4476
GSE83684	Mrps5	0.0453955901426718	0.101491569390402	0.0350194552529182	0.1459143968871595	-0.2584130788212606	35.0056
GSE83684	Msra	0.0794422827496757	0.0437743190661478	0.0544747081712062	0.0465304798962386	0.6367749611859259	20.455
GSE83684	Mtmr3	0.095006485084306	0.0586900129701686	0.1024643320363164	0.064526588845655	-0.0195427990042684	18.5276
GSE83684	Mvd	0.1345654993514915	0.1381322957198443	0.1423476005188067	0.0059987029831387	0.5382038104791258	94.2468
GSE83684	Mybl2	0.0985732814526588	0.1050583657587548	0.1501297016861219	0.0265888456549935	-0.110309574347756	28.1602
GSE83684	Myo1c	0.1141374837872892	0.0745784695201037	0.1420233463035019	0.1204604409857328	-0.8582655762143245	23.47
GSE83684	Ncoa5	0.1452658884565499	0.1202983138780804	0.1245136186770428	0.1640726329442282	-0.1333237459056073	28.5504
GSE83684	Ndufv2	0.1666666666666666	0.1666666666666666	0.1663424124513618	0.0796044098573281	0.5626499108524374	131.951
GSE83684	Necap2	0.0557717250324254	0.1086251621271076	0.0823605706874189	0.0363164721141374	-0.3102317822088913	52.9186
GSE83684	Nedd4	0.1044098573281452	0.1040856031128404	0.1057068741893644	0.1105706874189364	0.6393595276104875	20.3553
GSE83684	Nelfa	0.0346952010376134	0.0632295719844358	0.0856031128404669	0.1630998702983138	-0.5084731110216305	31.8927
GSE83684	Nelfe	0.0246433203631647	0.0372892347600518	0.0742542153047989	0.0059987029831387	0.3147619128062056	41.3958
GSE83684	Nfatc1	0.2083867768951356	0.2439622248330225	0.2146356316759541	0.108864984496876	-0.5497577355825083	32.3121
GSE83684	Nfe2l1	0.1378080415045395	0.0651750972762646	0.0184824902723735	0.0875486381322957	-0.1179858992826092	20.438
GSE83684	Nfkb2	0.0126459143968871	0.0090791180285343	0.0606355382619974	0.1251621271076524	-0.1906013111163256	60.7775
GSE83684	Nisch	0.0509079118028534	0.0674448767833981	0.046692607003891	0.1459143968871595	-0.4293004595370275	33.3559
GSE83684	Nkiras2	0.0810635538261997	0.1073281452658884	0.1099221789883268	0.0945201037613489	-0.1785416547339711	11.3106
GSE83684	Nmd3	0.0476653696498054	0.0453955901426718	0.0541504539559014	0.1499675745784695	0.4354836738334455	86.5284
GSE83684	Nme1	0.2284425596409157	0.1916548866446125	0.1944760197612906	0.2114574680482082	0.2743422692037178	323.178
GSE83684	Nomo1	0.0314939496835181	0.0775878401025954	0.076533710294039	0.2155106457395182	0.1386883971832562	37.3399
GSE83684	Nsd1	0.0175097276264591	0.0684176394293125	0.0152399481193255	0.1105706874189364	0.3180424692122128	11.9466
GSE83684	Nsf	0.1206225680933852	0.116083009079118	0.0943579766536965	0.0059987029831387	-0.0259165186142755	22.2576
GSE83684	Nuak2	0.1514267185473411	0.1494811932555123	0.1212710765239948	0.1528858625162127	-0.2171275646109811	14.6357
GSE83684	Nudt3	0.0298313878080415	0.0723086900129701	0.1215953307392996	0.0173476005188067	-0.4149391300137246	11.0148
GSE83684	Orc6	0.1254863813229572	0.1498054474708171	0.1624513618677042	0.0059987029831387	0.0967980241916137	57.369
GSE83684	Pacsin2	0.1913148447708846	0.1111973360148064	0.2299909646016409	0.2275177671879023	-0.4548448239942173	19.2317
GSE83684	Paxip1	0.098249027237354	0.0778210116731517	0.0911154345006485	0.1575875486381323	-0.0559313642258847	10.8504
GSE83684	Pcyt2	0.103112840466926	0.0667963683527885	0.0969520103761348	0.0059987029831387	0.1179601496362492	53.9645
GSE83684	Pes1	0.0473411154345006	0.0807392996108949	0.0774967574578469	0.1575875486381323	0.0273243864658772	78.4775
GSE83684	Pin1	0.0113488975356679	0.0022697795071335	0.0278858625162127	0.0557717250324254	0.109386339878069	10.8443
GSE83684	Pitpna	0.1005188067444876	0.0288586251621271	0.0820363164721141	0.1151102464332036	0.2812632569751869	63.0944
GSE83684	Pnpo	0.0103761348897535	0.1053826199740596	0.0813878080415045	0.0465304798962386	-0.1866814137401151	12.0399
GSE83684	Poldip2	0.0859273670557717	0.1121919584954604	0.1164072632944228	0.0557717250324254	-0.8244282848385129	21.9874
GSE83684	Polr1a	0.0162127107652399	0.0025940337224383	0.0428015564202334	0.1251621271076524	-0.3327237396331153	28.6368
GSE83684	Polr2b	0.0706874189364461	0.0976005188067444	0.1329442282749675	0.1288910505836576	-0.0659660707038565	59.453
GSE83684	Polr2d	0.1653696498054474	0.1598573281452659	0.1656939040207522	0.0173476005188067	0.3674482822185245	59.7031
GSE83684	Pphln1	0.0943579766536965	0.1368352788586251	0.1611543450064851	0.1288910505836576	0.361137111148178	22.5666
GSE83684	Ppp1r7	0.0119974059662775	0.0094033722438391	0.0288586251621271	0.0557717250324254	0.3485209493578622	31.5666
GSE83684	Prdx6	0.0946822308690013	0.0878728923476005	0.1076523994811932	0.1420233463035019	-0.3536332076915673	37.9946
GSE83684	Prkacb	0.045071335927367	0.0648508430609598	0.0833333333333333	0.0173476005188067	-0.3005926686628428	10.0127
GSE83684	Prkcb	0.1598573281452659	0.1465629053177691	0.1559662775616083	0.0173476005188067	0.0157131743089236	18.699
GSE83684	Psma4	0.0865758754863813	0.1300259403372244	0.1125162127107652	0.0363164721141374	0.0476733993883673	349.011
GSE83684	Ptpn1	0.0372892347600518	0.0340466926070038	0.0609597924773022	0.1648832684824902	-0.7287747396862496	24.0492
GSE83684	Ptpra	0.0308041504539559	0.0048638132295719	0.0048638132295719	0.1204604409857328	-0.0130264287971431	14.1956
GSE83684	Rab11b	0.0314526588845655	0.0301556420233463	0.0259403372243839	0.1595330739299611	-0.020957832985557	16.5197
GSE83684	Rab1b	0.0846303501945525	0.0690661478599221	0.0463683527885862	0.0723086900129701	-0.1575589901552723	55.7739
GSE83684	Rab2a	0.0599870298313878	0.0937094682230869	0.0619325551232166	0.0173476005188067	-0.3608980129366834	35.5887
GSE83684	Rab5a	0.1060311284046692	0.1404020752269779	0.1170557717250324	0.1619649805447471	0.0157093360920663	21.8098
GSE83684	Rab5b	0.1343391501485641	0.1784718554526804	0.0714149699458558	0.2803096852308941	0.2608818527521568	11.5765
GSE83684	Rapgef1	0.0252918287937743	0.0220492866407263	0.0791180285343709	0.0363164721141374	0.0908173653069024	15.2449
GSE83684	Rbl1	0.3178014665991212	0.2844185520118132	0.2840448961847584	0.1919504115603364	-0.2692594156550756	20.2407
GSE83684	Rbms1	0.0642023346303502	0.0440985732814526	0.1086251621271076	0.1554798962386511	-0.9173670247266958	30.3468
GSE83684	Rdx	0.1394293125810635	0.1446173800259403	0.0204280155642023	0.0173476005188067	0.1199644531896293	109.401
GSE83684	Rel	0.0577172503242542	0.0343709468223086	0.0064850843060959	0.0796044098573281	0.1993696416613364	78.7105
GSE83684	Reps1	0.067057471934401	0.1435668935231738	0.0779849604336991	0.1361485157172211	-0.178186043703215	13.1564
GSE83684	Rfx1	0.0930609597924773	0.0736057068741893	0.1284046692607004	0.0997081712062256	0.0910343599603713	16.4867
GSE83684	Rmi1	0.0937094682230869	0.1478599221789883	0.1332684824902723	0.1288910505836576	0.2138215212624219	31.8363
GSE83684	Rpe	0.1472114137483787	0.1361867704280155	0.1131647211413748	0.0059987029831387	0.0303591009061161	19.4573
GSE83684	Rpl29	0.1165481377849672	0.1018182524762335	0.1621793283687219	0.1300696600067037	-0.0271467246537238	1878.32
GSE83684	Rrp7a	0.048313878080415	0.0077821011673151	0.0713359273670557	0.0557717250324254	-0.1752390820851781	34.666
GSE83684	Sart1	0.1086251621271076	0.1099221789883268	0.0298313878080415	0.0059987029831387	0.2847031881365724	20.6157
GSE83684	Sbno2	0.0055123216601815	0.0006485084306095	0.10473411154345	0.0465304798962386	-1.0384101988428038	15.7198
GSE83684	Sc5d	0.0862516212710765	0.054798962386511	0.0097276264591439	0.1459143968871595	0.7387460556546772	60.1106
GSE83684	Sema7a	0.0739299610894941	0.1001945525291828	0.1066796368352788	0.0875486381322957	-1.2210434939580166	25.3179
GSE83684	Sephs1	0.1251621271076524	0.1057068741893644	0.049935149156939	0.064526588845655	-0.4059371285871629	11.026
GSE83684	Sepsecs	0.0804150453955901	0.1267833981841764	0.0408560311284046	0.064526588845655	0.7657037239664306	10.3785
GSE83684	Setd1a	0.1572632944228275	0.1429961089494163	0.1309987029831388	0.0059987029831387	-0.2695926343083399	14.4856
GSE83684	Sh3bp2	0.1407640543094373	0.2205602322414679	0.1928549101609235	0.1365487495104749	-0.4279984011396509	23.2161
GSE83684	Sik1	0.0058365758754863	0.0129701686121919	0.0100518806744487	0.0875486381322957	0.0620350330654257	41.1332
GSE83684	Sin3a	0.0447470817120622	0.0940337224383917	0.0489623865110246	0.0173476005188067	0.116395224835947	30.6188
GSE83684	Sin3b	0.0622568093385214	0.0787937743190661	0.0142671854734111	0.0875486381322957	0.057441243874801	127.009
GSE83684	Ska2	0.0778210116731517	0.0852788586251621	0.1397535667963683	0.0059987029831387	0.8953633468293924	17.5505
GSE83684	Smap2	0.0885214007782101	0.0567444876783398	0.1293774319066148	0.0173476005188067	-0.0475583967530681	108.031
GSE83684	Smu1	0.0852788586251621	0.0551232166018158	0.0976005188067444	0.0557717250324254	0.3629207676632902	56.956
GSE83684	Smyd5	0.0917504697644171	0.0070347895132054	0.1241327771610061	0.2121655510884522	-0.3438649992847225	26.4772
GSE83684	Sorl1	0.07771778467577	0.1553214124367886	0.0686544543056587	0.1591657072628086	0.5283254200848537	45.9061
GSE83684	Spag5	0.1585603112840466	0.1640726329442282	0.0940337224383917	0.0557717250324254	0.0133009928852945	15.1843
GSE83684	Spi1	0.0956549935149156	0.1332684824902723	0.1511024643320363	0.1053826199740596	-0.8133144695127665	51.2598
GSE83684	Spsb3	0.122568093385214	0.1585603112840466	0.1219195849546044	0.0557717250324254	-0.9389222779958568	11.3643
GSE83684	Srp14	0.1319714656290531	0.0849546044098573	0.1313229571984435	0.0363164721141374	0.033882853576082	118.359
GSE83684	St13	0.1624513618677042	0.1523994811932555	0.1517509727626459	0.1204604409857328	0.4268616970493735	180.102
GSE83684	Stat1	0.107976653696498	0.119325551232166	0.0703631647211413	0.0875486381322957	-1.1266498762593518	158.512
GSE83684	Stk38	0.2145368284524541	0.2488152595291217	0.2724813261907585	0.2373639659254628	0.4678192230884068	23.4921
GSE83684	Tagap	0.3238485939268521	0.2885522474338983	0.3266697270435302	0.193719426592246	0.7789540459621875	29.6982
GSE83684	Tbcd	0.1478599221789883	0.1630998702983138	0.1342412451361867	0.1528858625162127	-0.2644562861462214	26.1894
GSE83684	Tcf25	0.1267833981841764	0.1413748378728923	0.1083009079118028	0.0059987029831387	-0.1325174552886663	58.5586
GSE83684	Tex261	0.0713359273670557	0.062905317769131	0.0992217898832684	0.0265888456549935	-0.5260193117808933	16.7447
GSE83684	Thap4	0.0389105058365758	0.0317769130998702	0.0226977950713359	0.0945201037613489	0.4211604531167121	11.4181
GSE83684	Timm10	0.0022697795071335	0.0664721141374837	0.0022697795071335	0.1204604409857328	0.3254662366835132	62.8269
GSE83684	Tmem248	0.0742542153047989	0.1232166018158236	0.1228923476005188	0.1528858625162127	-0.426078175542814	14.3084
GSE83684	Tnfaip3	0.0544747081712062	0.0593385214007782	0.0891699092088197	0.1608300907911803	0.3389900052729047	46.4291
GSE83684	Tnfrsf1b	0.036964980544747	0.0512321660181582	0.064526588845655	0.1332684824902723	-0.5289994323653175	12.949
GSE83684	Tnpo2	0.0839818417639429	0.0924124513618677	0.1199740596627756	0.0059987029831387	0.2073755834169093	12.7323
GSE83684	Tor1aip1	0.1391050583657587	0.0953307392996108	0.0431258106355382	0.1630998702983138	0.5432677748271013	38.1072
GSE83684	Tor1aip2	0.0123216601815823	0.1138132295719844	0.035343709468223	0.0173476005188067	0.017546939756774	37.5281
GSE83684	Tpx2	0.1134889753566796	0.1562905317769131	0.1400778210116731	0.1204604409857328	-0.0529930175555328	38.4193
GSE83684	Traf7	0.064526588845655	0.046692607003891	0.0862516212710765	0.0173476005188067	0.2960183640807168	26.1461
GSE83684	Trappc2l	0.0100518806744487	0.0103761348897535	0.0372892347600518	0.1053826199740596	-0.2538939145742969	57.7362
GSE83684	Trim14	0.1235408560311284	0.0911154345006485	0.0560959792477302	0.1332684824902723	-0.3235805821540443	15.6979
GSE83684	Trip12	0.1102464332036316	0.124189364461738	0.0398832684824902	0.0363164721141374	0.3223886017105304	33.3192
GSE83684	Tsc22d4	0.0463683527885862	0.0560959792477302	0.0525291828793774	0.0173476005188067	-0.4776805700171724	24.0467
GSE83684	Tsen2	0.0898184176394293	0.1588845654993515	0.0979247730220492	0.1204604409857328	0.5303292909983863	13.1694
GSE83684	Tspan13	0.0525291828793774	0.1212710765239948	0.0437743190661478	0.1105706874189364	-0.8601584335160934	20.1486
GSE83684	Ttc33	0.1180285343709468	0.1527237354085603	0.1553177691309987	0.0465304798962386	0.1214639422485861	13.4049
GSE83684	Ttpal	0.1549426515093716	0.174124513618677	0.1575112535286488	0.1398362198316421	-0.2353797635738166	16.8776
GSE83684	Twsg1	0.1232166018158236	0.1164072632944228	0.048313878080415	0.1575875486381323	-0.6016598010777754	12.8963
GSE83684	Ubfd1	0.0350194552529182	0.0869001297016861	0.0927367055771725	0.0997081712062256	-0.2383390633506645	14.629
GSE83684	Uqcrq	0.1520752269779507	0.1582360570687419	0.0901426718547341	0.0465304798962386	-0.3911991117959186	505.275
GSE83684	Usf1	0.0697146562905317	0.0603112840466926	0.103112840466926	0.1332684824902723	-0.1078763182707849	24.0672
GSE83684	Usp34	0.1617696196255537	0.2737397199737004	0.2523712773640018	0.0773871757008741	0.6645959540420083	10.7452
GSE83684	Utp6	0.1355382619974059	0.1277561608300908	0.0077821011673151	0.0465304798962386	0.0288070069960317	29.9563
GSE83684	Vasp	0.0518806744487678	0.0444228274967574	0.0178339818417639	0.0173476005188067	-0.3434354210963626	104.705
GSE83684	Vcpip1	0.0917639429312581	0.0891699092088197	0.0457198443579766	0.0875486381322957	0.3582468041411331	17.1883
GSE83684	Wdr48	0.1339169909208819	0.051556420233463	0.0937094682230869	0.0875486381322957	0.2127690129173709	14.6666
GSE83684	Wdr59	0.1400778210116731	0.1076523994811932	0.1468871595330739	0.1288910505836576	-0.0543979908841576	16.8754
GSE83684	Wdr73	0.1384565499351491	0.1426718547341115	0.1608300907911803	0.1595330739299611	0.476453297159634	12.2589
GSE83684	Wee1	0.277059508283303	0.3075349134663404	0.329216831757871	0.2007955455914002	-0.0832941522945445	18.6453
GSE83684	Wiz	0.0003242542153047	0.0003242542153047	0.0003242542153047	0.1666666666666666	-0.6034607557416245	15.0431
GSE83684	Wwp2	0.1001945525291828	0.0706874189364461	0.0476653696498054	0.064526588845655	-0.2420247282251244	15.2153
GSE83684	Xpo4	0.0457198443579766	0.0797665369649805	0.0988975356679636	0.0796044098573281	0.3792283368079108	24.0834
GSE83684	Zc3h18	0.1329442282749675	0.1546692607003891	0.098249027237354	0.0465304798962386	-0.1215782398456939	38.3993
GSE83684	Zfand6	0.1762901006355741	0.1866770140588004	0.2688265051323784	0.2373639659254628	0.2490216492394976	38.8227
GSE83684	Zfp451	0.1663424124513618	0.1650453955901426	0.1666666666666666	0.1459143968871595	0.1338870115252093	17.7333
GSE83684	Zfp800	0.1498054474708171	0.1572632944228275	0.101491569390402	0.1204604409857328	-0.0355059303148559	14.5119
GSE83684	Zmiz2	0.2248429735204535	0.1426512093346352	0.2487090553150973	0.1654042612104519	-0.3540418744921769	26.1706
GSE83684	Acox3	0.0854944128188909	0.2008749736453721	0.0974067046173308	0.3112481551760489	-0.3636735244485796	14.978
GSE83684	Acsl3	0.3284313725490196	0.311617119966266	0.3251633986928104	0.1243147796753109	0.24303203854637	19.8769
GSE83684	Adarb2	0.0026881720430107	0.0510752688172043	0.0376344086021505	0.075268817204301	-1.8863001811712024	14.1699
GSE83684	Anxa7	0.3994816725772102	0.4357876894868132	0.3162502043223958	0.2850510628318018	-0.1891365923998753	47.6637
GSE83684	Cbx5	0.1064528393789827	0.0584710636406589	0.0857166385453296	0.0547124264771586	0.2344456006550275	13.0933
GSE83684	Ccnt2	0.1624499262070419	0.1635041113219481	0.1861690912924309	0.3279569892473118	1.3088200884368746	11.5204
GSE83684	Cox17	0.053763440860215	0.0779569892473118	0.0026881720430107	0.0403225806451612	-0.6476385208206814	258.864
GSE83684	Dhx40	0.021505376344086	0.043010752688172	0.064516129032258	0.1142473118279569	0.4762371615788692	17.8851
GSE83684	Fam32a	0.1129032258064516	0.1397849462365591	0.0618279569892473	0.0470430107526881	0.8241844813766428	20.0031
GSE83684	Fcho1	0.0564516129032258	0.0564516129032258	0.0698924731182795	0.1196236559139785	-0.4255122677130476	27.2522
GSE83684	Fkbp15	0.1548597933797174	0.1219165085388994	0.1608159392789373	0.288056082648113	0.0035579512121746	30.8464
GSE83684	Haus7	0.0129664769133459	0.241988193126713	0.116909129243095	0.1041534893527303	1.0001791458687777	37.5167
GSE83684	Hnrnpul1	0.1155913978494623	0.1209677419354838	0.1236559139784946	0.1102150537634408	-0.1814170187306922	153.145
GSE83684	Impdh1	0.1263440860215053	0.0940860215053763	0.1021505376344086	0.1666666666666666	1.0975918023474618	20.1331
GSE83684	Ivns1abp	0.3105629348513599	0.2840501792114695	0.3192072527935906	0.2974119755429053	0.2068361605047837	47.1609
GSE83684	Klf13	0.0241935483870967	0.0053763440860215	0.0268817204301075	0.1639784946236559	-1.4683160058463538	11.7622
GSE83684	Lsg1	0.2029833438751844	0.1441071052076744	0.2229601518026565	0.2613061353573687	0.5204479827433399	35.5188
GSE83684	Mtmr9	0.0530255112797807	0.1024140839131351	0.1602361374657389	0.1895688382880034	-0.5417326182511402	11.2461
GSE83684	Naa40	0.0672043010752688	0.0161290322580645	0.032258064516129	0.1370967741935484	0.5528707717943186	13.3209
GSE83684	Naaa	0.2511068943706515	0.2603310141260805	0.2640733712839975	0.2123655913978494	-0.1254131424854003	10.3413
GSE83684	Pdhx	0.1048387096774193	0.1344086021505376	0.1612903225806451	0.0147849462365591	-0.1196944355923124	11.9291
GSE83684	Pnisr	0.401401710859528	0.2462819246340556	0.4277675912699258	0.4469549448388755	0.8872347518357748	20.0965
GSE83684	Ppp1r10	0.0913978494623655	0.1102150537634408	0.1075268817204301	0.1021505376344086	0.062725582250195	34.6214
GSE83684	Ppp1r8	0.2268079274720641	0.2883723381825848	0.1109529833438752	0.1961047860004217	0.2258560187950422	41.5675
GSE83684	Ptp4a2	0.1370967741935484	0.1532258064516129	0.1586021505376344	0.1236559139784946	0.0468568723422508	36.5265
GSE83684	Rab10	0.3062407758802445	0.2797280202403542	0.2570630402698714	0.1041534893527303	-0.1243156596246812	40.7374
GSE83684	Rab21	0.0367910605102256	0.1754164031203879	0.2581172253847776	0.3209466582331857	0.2696325563302633	40.097
GSE83684	Raf1	0.2824161922833649	0.2208517815728442	0.2959624710099093	0.1919407547965422	-0.3963451621881315	12.4554
GSE83684	Rbm12	0.0994623655913978	0.1290322580645161	0.1370967741935484	0.1370967741935484	0.6059528168367478	32.6389
GSE83684	Rnf145	0.1612903225806451	0.1236559139784946	0.0672043010752688	0.032258064516129	-0.2141673213399229	11.5188
GSE83684	Slc15a4	0.021128712449097	0.0184405404060863	0.0494175923359557	0.296478311029619	-0.0693547669073106	11.7752
GSE83684	Smarca4	0.2813620071684587	0.1657179000632511	0.2683955302551128	0.0852308665401644	-0.4089965736041723	51.7174
GSE83684	Stk17b	0.1889626818469323	0.2727176892262281	0.1775247733502003	0.0483870967741935	0.3900990385661176	68.2963
GSE83684	Stx12	0.1505376344086021	0.1586021505376344	0.1155913978494623	0.0591397849462365	-0.3634350725387749	13.1749
GSE83684	Yipf4	0.0887096774193548	0.0967741935483871	0.0887096774193548	0.0524193548387096	-0.2045934466268151	14.7596
GSE83684	9530068E07Rik	0.0081699346405228	0.0637254901960784	0.0588235294117647	0.0310457516339869	0.091437920935264	31.6965
GSE83684	Actr6	0.1666666666666666	0.1666666666666666	0.1666666666666666	0.0955882352941176	0.9739958387291664	14.0087
GSE83684	Adam10	0.1601307189542483	0.15359477124183	0.1405228758169934	0.1111111111111111	0.1728583513471075	20.7459
GSE83684	Bcat1	0.0065359477124183	0.0212418300653594	0.022875816993464	0.1209150326797385	-0.0829459412575093	10.7588
GSE83684	Dap3	0.0163398692810457	0.0571895424836601	0.0294117647058823	0.1111111111111111	-0.0377483759018932	26.1922
GSE83684	Dnajc24	0.0571895424836601	0.0196078431372549	0.1143790849673202	0.0310457516339869	0.592622138743828	22.6979
GSE83684	Efr3a	0.278236762869942	0.2392781082470441	0.1682639347873981	0.1364470881985753	-0.1140197799757234	10.3163
GSE83684	Fbxo46	0.149068491662593	0.089113392356019	0.0907473792841236	0.2358780077127803	0.5814542285311157	10.8591
GSE83684	Hnrnpf	0.0833333333333333	0.1176470588235294	0.099673202614379	0.1045751633986928	0.0737366991855417	537.268
GSE83684	Lnx2	0.099673202614379	0.099673202614379	0.1274509803921568	0.0196078431372549	-0.0809777266834168	10.2225
GSE83684	Lrrc40	0.1454248366013072	0.142156862745098	0.1241830065359477	0.1209150326797385	-0.003374068028692	19.8471
GSE83684	Morf4l1	0.1209150326797385	0.1029411764705882	0.1258169934640522	0.0196078431372549	0.473842870066	81.1923
GSE83684	Nacc1	0.0457516339869281	0.0049019607843137	0.0196078431372549	0.0310457516339869	-0.6600043198195795	18.2513
GSE83684	Ndufb2	0.0866013071895425	0.0065359477124183	0.0898692810457516	0.0073529411764705	0.071563554411016	269.339
GSE83684	Nme7	0.1650326797385621	0.1617647058823529	0.1601307189542483	0.1552287581699346	0.5152753568835977	14.4891
GSE83684	Pkig	0.1584967320261437	0.1568627450980392	0.1568627450980392	0.0416666666666666	-0.0253696096117908	36.6368
GSE83684	Rac1	0.0637254901960784	0.076797385620915	0.0555555555555555	0.0416666666666666	-0.3828328211894165	119.624
GSE83684	Rbbp5	0.088235294117647	0.0800653594771241	0.0686274509803921	0.1323529411764706	-0.2180486398129475	12.4468
GSE83684	Rhoh	0.0718954248366013	0.0522875816993464	0.0359477124183006	0.0073529411764705	-0.2775452276662387	12.1607
GSE83684	Shq1	0.0408496732026143	0.0294117647058823	0.0375816993464052	0.0073529411764705	0.5546266124548609	13.7643
GSE83684	Snrpg	0.1045751633986928	0.1633986928104575	0.1209150326797385	0.0261437908496732	-0.4913687562678106	1119.84
GSE83684	Sp3	0.1633986928104575	0.1584967320261437	0.1633986928104575	0.0522875816993464	0.4210311891293594	39.0985
GSE83684	Zbtb1	0.065359477124183	0.0277777777777777	0.0473856209150326	0.0310457516339869	-0.2078226679309569	18.5187
GSE83684	Aim2	0.1620498614958448	0.1606648199445983	0.1537396121883656	0.0431671283471837	0.2261167674798812	14.6537
GSE83684	Bcap29	0.0443213296398892	0.051708217913204	0.0180055401662049	0.0720221606648199	0.3556086181173592	20.4101
GSE83684	Bnip3l	0.1532779316712834	0.1288088642659279	0.1472760849492151	0.0050784856879039	0.7378480794761479	97.2035
GSE83684	Caprin1	0.0743305632502308	0.1200369344413665	0.0752539242843952	0.1410433979686057	-0.4671302511343995	176.06
GSE83684	Capza1	0.1172668513388735	0.1232686980609418	0.0784856879039704	0.0983379501385041	0.5654079053083203	110.196
GSE83684	Cc2d1a	0.0572483841181902	0.0752539242843952	0.0983379501385041	0.1438134810710988	0.3697037014574462	10.8481
GSE83684	Eef1e1	0.1241920590951061	0.0720221606648199	0.1565096952908587	0.0138504155124653	0.3070966023605237	112.048
GSE83684	Etnk1	0.1048014773776546	0.0983379501385041	0.095567867036011	0.1622807017543859	0.0750966858481767	45.1257
GSE83684	G3bp2	0.1338873499538319	0.1426592797783933	0.1435826408125577	0.0343951985226223	0.1280599765786636	35.6545
GSE83684	Gbp2	0.1597414589104339	0.1578947368421052	0.1375807940904893	0.0138504155124653	-2.720857734499752	214.718
GSE83684	Gnai3	0.1158818097876269	0.1477377654662973	0.0844875346260388	0.025854108956602	0.2779667335675162	35.9095
GSE83684	Kdm5c	0.0083102493074792	0.0253924284395198	0.0415512465373961	0.0050784856879039	0.0155115195147272	15.8325
GSE83684	Lat2	0.08264081255771	0.1066481994459833	0.1218836565096952	0.1121883656509695	0.3647552385214911	32.87
GSE83684	Mrpl1	0.1121883656509695	0.0433979686057248	0.056786703601108	0.1274238227146814	0.5795866746751033	37.2003
GSE83684	Myd88	0.0858725761772853	0.1343490304709141	0.1066481994459833	0.025854108956602	-0.6054023007752711	20.1159
GSE83684	Myo9b	0.0687903970452446	0.0572483841181902	0.0346260387811634	0.0193905817174515	0.0324267448410999	15.3009
GSE83684	Ncoa4	0.1588180978762696	0.144506001846722	0.0997229916897506	0.0833333333333333	-0.0793119069159145	31.7669
GSE83684	Pds5a	0.051708217913204	0.0844875346260388	0.0161588180978762	0.0193905817174515	0.028587026921377	58.8332
GSE83684	Ppp1r16b	0.1059115855872679	0.030405206787914	0.0257105902939884	0.1894852694519662	-0.6488162142101981	12.8604
GSE83684	Prorsd1	0.1611265004616805	0.1620498614958448	0.1666666666666666	0.0777931671283471	0.6310579033192183	13.3247
GSE83684	Prpf38a	0.1505078485687904	0.1652816251154201	0.1578947368421052	0.0050784856879039	-0.0490427966670026	56.6219
GSE83684	Psma2	0.123730378578024	0.1334256694367497	0.1149584487534626	0.0888734995383194	0.2082768397654391	548.208
GSE83684	Pum1	0.0175438596491228	0.087719298245614	0.0794090489381348	0.0983379501385041	0.0433092467715496	30.4865
GSE83684	Rab9	0.069713758079409	0.0327793167128347	0.1098799630655586	0.0777931671283471	0.0510357226150057	25.837
GSE83684	Rbm3	0.074792243767313	0.0849492151431209	0.0272391505078485	0.0720221606648199	0.6210443371881009	575.073
GSE83684	Rlim	0.1043397968605724	0.1075715604801477	0.0087719298245614	0.0662511542012927	0.4782391070603329	19.0975
GSE83684	Rpf2	0.1232686980609418	0.1588180978762696	0.15466297322253	0.1558171745152354	0.8393587145766137	101.166
GSE83684	Rpl39	0.1131117266851338	0.141735918744229	0.1301939058171745	0.0530932594644506	0.5544896138215272	2211.14
GSE83684	Sar1a	0.0886426592797784	0.11865189289012	0.105724838411819	0.1078024007386888	0.4033826977635373	39.2878
GSE83684	Sbno1	0.0512465373961218	0.0295475530932594	0.0540166204986149	0.025854108956602	0.61654855482367	12.6765
GSE83684	Scaf11	0.1117266851338873	0.1071098799630655	0.1334256694367497	0.0050784856879039	0.4563309352338249	35.7063
GSE83684	Sh3glb1	0.1218836565096952	0.1375807940904893	0.0521698984302862	0.0777931671283471	0.0248059988283841	49.5428
GSE83684	Slc30a5	0.0623268698060941	0.0641735918744229	0.0881809787626962	0.0050784856879039	0.354247557472759	12.2378
GSE83684	Slc38a1	0.1002088801740207	0.1052545121921697	0.1229349739418524	0.1655245693575551	0.4057283615662403	19.6333
GSE83684	Smim14	0.0863342566943675	0.0992613111726685	0.0992613111726685	0.1583564173591874	-0.5196309154182792	19.1881
GSE83684	Tbl1x	0.087719298245614	0.1015697137580794	0.0433979686057248	0.1168051708217913	-0.3752324506113238	27.2502
GSE83684	Tbp	0.0358156874543939	0.0602190475202395	0.1301195527750976	0.1221309236031138	0.2713163591537171	42.6271
GSE83684	Tnks2	0.0951061865189289	0.1380424746075715	0.015697137580794	0.1078024007386888	0.0724393159814149	15.3723
GSE83684	Tsn	0.0410895660203139	0.0193905817174515	0.0614035087719298	0.1274238227146814	0.0511001173282625	24.6677
GSE83684	Uchl3	0.020775623268698	0.1338873499538319	0.1163434903047091	0.0777931671283471	0.3932534137572805	116.025
GSE83684	Uri1	0.1560480147737765	0.0549399815327793	0.1403508771929824	0.025854108956602	0.0087487472269458	13.0329
GSE83684	Wipf1	0.0983379501385041	0.1001846722068328	0.123730378578024	0.0343951985226223	-0.4876773859977232	60.6342
GSE83684	Zfp217	0.1126500461680517	0.1029547553093259	0.0512465373961218	0.0431671283471837	0.5589582806724653	24.9358
GSE83684	2210016L21Rik	0.0393258426966292	0.0337078651685393	0.0081148564294631	0.0986267166042447	-0.2142289610591916	22.8577
GSE83684	Aacs	0.0867665418227216	0.062421972534332	0.097378277153558	0.1301498127340824	0.0350176062011255	62.7387
GSE83684	Abcg1	0.0518102372034956	0.0193508114856429	0.0043695380774032	0.1610486891385767	-0.8279077797563521	14.8635
GSE83684	Ap3d1	0.1473158551810237	0.1204744069912609	0.1161048689138576	0.1519975031210986	-0.3097757650630197	15.8988
GSE83684	Araf	0.1535580524344569	0.1610486891385767	0.1360799001248439	0.07896379525593	-0.3759707727478618	18.0998
GSE83684	Asah1	0.1317103620474407	0.1310861423220974	0.0580524344569288	0.1548064918851436	0.1439569158755134	32.0329
GSE83684	Atad1	0.1448189762796504	0.1104868913857677	0.1373283395755306	0.1260923845193508	0.370625685858343	39.462
GSE83684	Bahd1	0.0711610486891385	0.0805243445692883	0.0574282147315855	0.030274656679151	-0.1489593055803695	18.5873
GSE83684	Btg1	0.1061173533083645	0.0081148564294631	0.1036204744069912	0.1064294631710362	-0.4286724841478229	21.8715
GSE83684	Camk2d	0.0724094881398252	0.0724094881398252	0.1079900124843945	0.0449438202247191	0.0529189100369524	34.7655
GSE83684	Cd2bp2	0.0873907615480649	0.1098626716604244	0.1017478152309613	0.07896379525593	-0.1190696582688666	17.7432
GSE83684	Cd69	0.1610486891385767	0.1579275905118601	0.1591760299625468	0.1519975031210986	0.9757479551964634	59.788
GSE83684	Cd72	0.0811485642946317	0.0867665418227216	0.0230961298377028	0.030274656679151	0.4774616741923063	61.6833
GSE83684	Cdipt	0.0006242197253433	0.0230961298377028	0.0006242197253433	0.1519975031210986	-0.1602617769759877	18.1384
GSE83684	Cenpt	0.130461922596754	0.1267166042446941	0.1523096129837703	0.0046816479400749	-0.1510945461834452	15.0526
GSE83684	Cep55	0.147940074906367	0.1629213483146067	0.1260923845193508	0.0449438202247191	0.8837711924144451	23.5163
GSE83684	Chek1	0.095505617977528	0.0461922596754057	0.0611735330836454	0.030274656679151	0.2645369528944163	15.7212
GSE83684	Chp1	0.1067415730337078	0.0162297128589263	0.1061173533083645	0.0449438202247191	-0.2769881587102656	18.0945
GSE83684	Chtf8	0.029338327091136	0.0736579275905118	0.0518102372034956	0.1301498127340824	-0.1508239822047663	40.261
GSE83684	Cops8	0.1398252184769038	0.1254681647940075	0.1579275905118601	0.0655430711610487	0.5818171935647305	33.954
GSE83684	Crlf3	0.1410736579275905	0.1473158551810237	0.1491885143570537	0.0046816479400749	0.3453552544536205	59.9739
GSE83684	Dennd4b	0.1235955056179775	0.1429463171036204	0.1104868913857677	0.1573033707865168	-0.1116006859389573	24.2724
GSE83684	Dnajb12	0.0411985018726591	0.0205992509363295	0.031210986267166	0.16354556803995	0.1733086753486299	30.6611
GSE83684	Dusp10	0.0823970037453183	0.1223470661672909	0.1329588014981273	0.1548064918851436	0.067115195272172	29.4833
GSE83684	Dusp12	0.1354556803995006	0.1485642946317103	0.1448189762796504	0.0046816479400749	-0.3573757758428151	14.5527
GSE83684	Dynll2	0.062421972534332	0.1179775280898876	0.0892634207240948	0.0449438202247191	-0.6899099993053213	22.6345
GSE83684	Eif5	0.0586766541822721	0.1192259675405742	0.1086142322097378	0.0558676654182272	0.7170715945668533	100.637
GSE83684	Erp29	0.0961298377028714	0.1017478152309613	0.081772784019975	0.0558676654182272	-0.5371562957283569	98.0622
GSE83684	Fancd2	0.1161048689138576	0.1435705368289637	0.1622971285892634	0.1142322097378277	0.201966331235821	14.8909
GSE83684	Fem1c	0.0905118601747815	0.0998751560549313	0.1192259675405742	0.0558676654182272	-0.1793005623030268	11.4023
GSE83684	Foxn3	0.0237203495630461	0.0056179775280898	0.0037453183520599	0.1438826466916354	-0.7454514273642321	11.3785
GSE83684	Gclm	0.0149812734082397	0.0674157303370786	0.0106117353308364	0.0449438202247191	-0.3568796392965225	19.4722
GSE83684	Gls	0.1054931335830212	0.0861423220973782	0.0181023720349563	0.0159176029962546	0.0821406669945883	42.7375
GSE83684	Gna13	0.0511860174781523	0.046816479400749	0.0174781523096129	0.07896379525593	-0.6150953260275926	17.9457
GSE83684	Hnrnpa2b1	0.1641697877652933	0.1616729088639201	0.1566791510611735	0.0558676654182272	0.5740547754751155	722.904
GSE83684	Ikzf1	0.0980024968789013	0.0218476903870162	0.0911360799001248	0.1519975031210986	0.4354641596298672	107.691
GSE83684	Jak3	0.0568039950062422	0.0362047440699126	0.0493133583021223	0.0986267166042447	-0.351673253890354	31.2228
GSE83684	Klc1	0.0549313358302122	0.0786516853932584	0.0461922596754057	0.0159176029962546	-0.2789959283322227	36.5058
GSE83684	Kpna6	0.0174781523096129	0.0237203495630461	0.0087390761548064	0.07896379525593	0.0341226085823662	12.023
GSE83684	Lbh	0.0355805243445692	0.0617977528089887	0.0393258426966292	0.030274656679151	0.0656897708659176	17.9137
GSE83684	Lsm10	0.0449438202247191	0.0568039950062422	0.0399500624219725	0.1476279650436953	-0.402930506663524	19.2806
GSE83684	Ly6a	0.0493133583021223	0.0649188514357053	0.1136079900124844	0.0655430711610487	-1.677134974812727	305.966
GSE83684	Med29	0.1342072409488139	0.1348314606741573	0.0842696629213483	0.1338951310861423	0.0686660343710219	23.903
GSE83684	Mia3	0.0043695380774032	0.0536828963795255	0.1048689138576779	0.0986267166042447	0.7298230903806595	18.8833
GSE83684	Mpc1	0.16541822721598	0.1641697877652933	0.1604244694132334	0.0159176029962546	0.4667274617819847	94.1764
GSE83684	Mrpl13	0.1647940074906367	0.16354556803995	0.1641697877652933	0.030274656679151	-0.2252010599604048	110.261
GSE83684	Mrpl47	0.1298377028714107	0.081772784019975	0.1292134831460674	0.0655430711610487	0.6263529933727847	51.6731
GSE83684	Mrps16	0.0923845193508114	0.1073657927590511	0.0792759051186017	0.1519975031210986	-0.2441914122631558	188.037
GSE83684	Mtap	0.146067415730337	0.1454431960049937	0.1379525593008739	0.1666666666666666	0.6932352135378475	52.579
GSE83684	Myh9	0.0636704119850187	0.0774032459425718	0.048689138576779	0.1519975031210986	-0.1776254020358836	202.048
GSE83684	Ndufa5	0.1660424469413233	0.1666666666666666	0.1660424469413233	0.1301498127340824	1.0535866530546425	176.339
GSE83684	Nek2	0.1136079900124844	0.1242197253433208	0.0942571785268414	0.030274656679151	-0.4172107007709185	13.8739
GSE83684	Nfkb1	0.1585518102372035	0.130461922596754	0.0368289637952559	0.0046816479400749	-0.0565239428469581	169.462
GSE83684	Nt5c2	0.0362047440699126	0.0043695380774032	0.0031210986267166	0.07896379525593	-0.0017866361654519	20.6407
GSE83684	Pa2g4	0.1404494382022471	0.0961298377028714	0.1392009987515605	0.1214107365792759	0.5460998854829011	369.683
GSE83684	Pbrm1	0.1079900124843945	0.1136079900124844	0.0967540574282147	0.0046816479400749	-0.029162363443925	16.5167
GSE83684	Pcm1	0.1573033707865168	0.1491885143570537	0.0873907615480649	0.0655430711610487	0.8193875587080424	21.5721
GSE83684	Pcnp	0.1629213483146067	0.1154806491885143	0.1367041198501872	0.0449438202247191	0.6088926916852979	19.1052
GSE83684	Pdcl3	0.064294631710362	0.1067415730337078	0.1179775280898876	0.0046816479400749	0.0074608396610784	27.1218
GSE83684	Pias4	0.0780274656679151	0.114856429463171	0.0811485642946317	0.1548064918851436	0.0122593321626851	29.8138
GSE83684	Plcl2	0.0942571785268414	0.033083645443196	0.0786516853932584	0.0986267166042447	-0.0513803739076963	11.055
GSE83684	Polh	0.1566791510611735	0.1598002496878901	0.16354556803995	0.07896379525593	-0.0849034575421541	20.8245
GSE83684	Ppan	0.1329588014981273	0.1504369538077403	0.1541822721598002	0.1142322097378277	-0.3226407644885194	72.3038
GSE83684	Prelid1	0.1367041198501872	0.1622971285892634	0.1454431960049937	0.0159176029962546	-0.0360284267744237	122.622
GSE83684	Psmd5	0.1179775280898876	0.1260923845193508	0.0767790262172284	0.030274656679151	0.2871377340368326	38.4149
GSE83684	Pus1	0.0649188514357053	0.0936329588014981	0.0499375780274656	0.0655430711610487	-0.093968226280956	35.8313
GSE83684	Rab14	0.149812734082397	0.1404494382022471	0.0418227215980024	0.1476279650436953	-0.3049746980799606	54.4714
GSE83684	Ralbp1	0.0786516853932584	0.0986267166042447	0.079900124843945	0.0558676654182272	0.4025181724228419	10.0735
GSE83684	Rapgef6	0.0936329588014981	0.0886392009987515	0.1067415730337078	0.0655430711610487	0.5178828351440208	15.8073
GSE83684	Rfc2	0.048689138576779	0.0493133583021223	0.0299625468164794	0.030274656679151	-0.3782071800173652	84.8553
GSE83684	Rnaseh1	0.1454431960049937	0.1541822721598002	0.1516853932584269	0.0905118601747815	0.3789929553020208	14.857
GSE83684	Rufy1	0.132334581772784	0.0705368289637952	0.1385767790262172	0.07896379525593	0.1412478874690812	20.2378
GSE83684	Sesn3	0.0106117353308364	0.0031210986267166	0.0193508114856429	0.1260923845193508	-0.1874180648676939	16.6364
GSE83684	Setd5	0.0505617977528089	0.1029962546816479	0.0680399500624219	0.1363920099875156	-0.1603056682675934	13.434
GSE83684	Setx	0.1173533083645443	0.1023720349563046	0.1198501872659176	0.0905118601747815	0.778472075557676	19.6357
GSE83684	Sirt1	0.1579275905118601	0.1591760299625468	0.1598002496878901	0.1064294631710362	0.3728950442152783	14.5372
GSE83684	Sirt2	0.1192259675405742	0.1523096129837703	0.1273408239700374	0.0905118601747815	-0.5053137450474612	19.3323
GSE83684	Slc20a1	0.1217228464419475	0.1448189762796504	0.1441947565543071	0.0046816479400749	-0.5528949122752556	10.5253
GSE83684	Slc31a2	0.1198501872659176	0.1279650436953807	0.1354556803995006	0.0159176029962546	-0.489300118537773	14.9529
GSE83684	Smim8	0.1423220973782771	0.1248439450686641	0.1317103620474407	0.0655430711610487	0.3696437273089588	22.8157
GSE83684	Thap11	0.1491885143570537	0.1410736579275905	0.1535580524344569	0.1064294631710362	-0.6816248208232998	15.7821
GSE83684	Timm8a1	0.031210986267166	0.0543071161048689	0.0549313358302122	0.0986267166042447	-0.1076517803050371	38.2717
GSE83684	Tmem184b	0.033083645443196	0.0068664169787765	0.0511860174781523	0.0449438202247191	-0.9255894486468113	10.5588
GSE83684	Top1	0.0911360799001248	0.1079900124843945	0.0886392009987515	0.07896379525593	0.4566682557869876	85.3212
GSE83684	Tpi1	0.1285892634207241	0.1604244694132334	0.114856429463171	0.0905118601747815	0.4488021911586681	868.396
GSE83684	Trappc12	0.0056179775280898	0.0449438202247191	0.0280898876404494	0.0905118601747815	0.5976593088370086	35.6443
GSE83684	Trpc4ap	0.0580524344569288	0.1086142322097378	0.1123595505617977	0.0449438202247191	0.3132135300014278	64.79
GSE83684	Tti2	0.1435705368289637	0.0780274656679151	0.1466916354556804	0.0905118601747815	-0.0338564010374815	14.2636
GSE83684	U2surp	0.1023720349563046	0.0299625468164794	0.0436953807740324	0.1142322097378277	0.2049299223190184	25.3805
GSE83684	Ube2m	0.1441947565543071	0.1373283395755306	0.1510611735330836	0.0558676654182272	-0.2708559292760597	112.429
GSE83684	Ubqln1	0.1523096129837703	0.1535580524344569	0.1398252184769038	0.0449438202247191	-0.0628121122099862	80.0294
GSE83684	Uggt1	0.013732833957553	0.0324594257178526	0.0387016229712859	0.0159176029962546	-0.3738869693614415	21.8291
GSE83684	Unk	0.1104868913857677	0.0917602996254681	0.0805243445692883	0.1338951310861423	-0.3400466143164533	12.7811
GSE83684	Usp39	0.1516853932584269	0.1560549313358302	0.1416978776529338	0.0986267166042447	-0.0674936789463478	48.3601
GSE83684	Wasf2	0.0162297128589263	0.0418227215980024	0.0199750312109862	0.1438826466916354	-0.1935525390905601	34.0397
GSE83684	Xylt1	0.0074906367041198	0.0212234706616729	0.0318352059925093	0.1142322097378277	0.3145261125506944	12.161
GSE83684	Zfpl1	0.1622971285892634	0.1585518102372035	0.1554307116104868	0.0159176029962546	-0.1774762296895762	29.9735
