gene	utrprism_percentile	sequence_only_percentile	full_model_zero_coverage_percentile	miranda_score_max_percentile	targetscan_score_percentile	mirdb_score_percentile	wt_expression	ko_expression	rna_derepression	wt_exon	ko_exon	wt_intron	ko_intron	stability_derepression	protein_derepression	protein_change_fdr	published_stabilized_target	ago_3utr_motif	ago_3utr_ko_depleted	ago_3utr_canonical	ago_3utr_direct
1110038F14Rik	0.5915492957746479	0.380281690140845	0.6338028169014085	0.4507042253521127			588.3466948804981	624.6950408487556	0.0863430917780311	595.0570880487204	620.0624889474806	134.62374282628176	149.71895761656234	-0.0929632066849113	-0.0608244478030715	0.916807613923993	0	0	0	0	0
1110059G10Rik	0.746268656716418	0.2686567164179104	0.572139303482587	0.6840796019900498			800.5885858481511	734.8903680632571	-0.1233711139830067	809.9073103703844	729.2754239627412	181.51000948504156	161.8410360351622	0.0134149447798109	-0.159230392097908	0.179452403200341	0	0	0	0	0
4921536K21Rik	0.4278606965174129	0.4328358208955223	0.5024875621890548	0.5895522388059702			3.5945841269862933	2.788312098878867	-0.2783790920220869	3.639161610981939	2.7717719493806694	1.5719386481344089	3.035169532273289	-0.9483947145191448			0	0	0	0	0
4933427D14Rik	0.2075471698113207	0.2264150943396226	0.2075471698113207	0.2594339622641509			505.610519212398	606.9494918114763	0.2630744368058673	511.6634420504117	602.4657750776655	425.20071455152447	529.8520963641186	-0.0815170185557978	0.0924338428330015	0.619776154651087	0	0	0	0	0
9530068E07Rik	0.2686567164179104	0.4129353233830846	0.3184079601990049	0.4925373134328358			3245.8348427800333	3377.008246096708	0.0571388492118582	3281.4115114467627	3350.626724758385	195.3403476024056	231.57009851015377	-0.2142035829463741	0.0370087060503788	0.915915725870169	0	0	0	0	0
Abhd18	0.6056338028169014	0.5492957746478874	0.5211267605633803	0.5704225352112676													0	0	0	0	0
Add3	0.3943661971830985	0.704225352112676	0.5915492957746479	0.1619718309859155		0.9411764705882352	2632.6296954292084	2533.751421272116	-0.0552082365021848	2661.490703615398	2513.83007975783	843.6726886833071	449.50249962671023	0.8245417296660231	0.0709425050947432	0.514261448536112	0	0	0	0	0
Adgre5	0.5522388059701493	0.1243781094527363	0.1741293532338308	0.5522388059701493													0	0	0	0	0
Aen	0.5472636815920398	0.2935323383084577	0.1791044776119403	0.7412935323383084			1428.2262877730209	1268.5471705589378	-0.170920354861639	1445.738028919818	1259.32399171549	566.7415038902407	529.1070742156032	-0.1000586330629322	-0.396832078593518	0.593475108345706	0	0	0	0	0
Akap6	0.044776119402985	0.1492537313432835	0.1343283582089552	0.3532338308457711			3.157514485751576	0.8301806181627195	-1.1837352569612063	3.211504261439702	0.8254885448518029	14.391828753599832	17.042561199518005	-1.4352925053300687			0	0	0	0	0
Akip1	0.9150943396226416	0.8490566037735849	0.8962264150943396	0.0613207547169811													0	0	0	0	0
Akr1e1	0.0140845070422535	0.056338028169014	0.2957746478873239	0.8873239436619719			680.265748270915	643.4632585376094	-0.0801195632631854	688.1667806363997	638.5765177116109	234.15255792390235	244.2584808049286	-0.1684421902509898	0.0318368767782168	0.935303306795649	0	0	0	0	0
Amotl1	0.2885572139303483	0.0945273631840796	0.1940298507462686	0.3532338308457711			318.1541377991859	355.4312318110524	0.1593704043248601	321.10548617894665	352.39451450874407	23.64042948504361	35.90429216036383	-0.4490148035132257	-0.0883277612604961	0.564362321434155	0	0	0	0	0
Ankrd46	0.6509433962264151	0.7735849056603774	0.7830188679245284	0.9056603773584906			829.5657773149719	1138.8351300654722	0.456658829575494	838.6241920445735	1129.8403023658414	288.2382743539576	380.77645131042806	0.0291099219041026	0.169399697720166	0.373944711674266	0	0	0	0	0
Ap1s2	0.9601990049751244	0.8805970149253731	0.9502487562189056	0.8656716417910447			470.93808626445497	375.3814958346471	-0.3264019021680348	475.95896768511534	372.48830333886167	227.36419597810857	174.3270993099053	0.0284853778067236	-0.144994596876093	0.760685329711644	0	0	0	0	0
Apol11a	0.8756218905472637	0.7014925373134329	0.7014925373134329	0.0696517412935323			13.795405535601864	33.090396598300885	1.2042161427783644	13.962817832810194	32.847020816864465	35.42687386956078	63.29155628355144	0.3580208774776123			0	0	0	0	0
Arfrp1	0.7213930348258707	0.736318407960199	0.6965174129353234	0.5895522388059702			1184.3707427889058	1214.3294052387366	0.0360090431030753	1198.084595191992	1205.2467580749133	283.9789722934547	331.8680932266342	-0.2155034968367599	-0.0155195955276124	0.952312249150574	0	0	1	0	0
Arhgap28	0.323943661971831	0.2253521126760563	0.3098591549295774	0.7253521126760564			43.81422975085831	39.99989259136402	-0.1283367701289536	44.378069986982666	39.68523437464135	10.35600250739269	9.094103344349284	0.0124523622462443			0	0	0	0	0
Arhgap31	0.2139303482587064	0.3980099502487562	0.36318407960199	0.5895522388059702			334.9611272641393	338.8951398281704	0.0167954187707017	338.3809484643052	336.1732554045413	23.343015323775933	28.538970707899608	-0.2885271465209655	0.0256839112570407	0.86401311592176	0	0	0	0	0
Asap1	0.7887323943661971	0.4084507042253521	0.4929577464788732	0.1126760563380281	0.2727272727272727	0.2352941176470588	9669.63516279401	10213.973792232378	0.0790029492027879	9780.931208436505	10137.175233438133	1809.1825003101349	1921.3946112674128	-0.0351625726986215	0.0178040297089838	0.929079036644286	0	0	0	0	0
Atp1a2	0.1037735849056603	0.1132075471698113	0.2924528301886792	0.1981132075471698			7.206064504337154	8.747343551335305	0.2483185993117036	7.301041697064986	8.667108710222067	0.7859693240672044	0.3018347657005722	0.6759530274709069	-0.027148975591209	0.927260901018876	0	0	0	0	0
Atrn	0.1126760563380281	0.0985915492957746	0.0140845070422535	0.9295774647887324		0.3529411764705882	2068.7031450734057	2103.680569761992	0.02417743149157	2092.051701837332	2087.3233887632427	362.1195106383717	362.8661973345936	-0.006226394147395	0.164865410277372	0.391745210600067	0	0	0	0	0
B3gnt5	0.7746478873239436	0.8450704225352113	0.7887323943661971	0.3943661971830985			19.50225650229279	15.42167896791963	-0.32018106601434	19.70343576442585	15.279752608554782	3.3717449944559053	2.772467605762666	-0.1340906905256589			0	0	0	0	0
BC028528	0.2169811320754717	0.4716981132075472	0.4433962264150943	0.8867924528301887			77.87619607125721	68.32159890519944	-0.1862850464582528	78.68102580008285	67.77953479806422	107.76086372006785	127.23212096494107	-0.4498550379668919			0	0	0	0	0
Bbox1	0.7924528301886793	0.4622641509433962	0.8018867924528302	0.1981132075471698			226.1973385993024	208.9054128712104	-0.114206564977595	228.21696941994355	207.0319211409804	29.976807726538738	26.63416350551761	0.0248265980443319	0.106211768628971	0.617173259133215	0	0	0	0	0
Bcas1	0.8873239436619719	0.647887323943662	0.9014084507042254	0.056338028169014			263.7037547409064	206.1515930410958	-0.3536917441610314	266.07970339115576	204.38687374618243	179.90474917437635	130.9411476569908	0.0764093625569148	0.0579111040240327	0.754149977879533	0	0	0	0	0
Bmp3	0.0094339622641509	0.4433962264150943	0.160377358490566	0.7169811320754716			0.4917299651717763	0.0	-0.5769864007631517	0.5015353735605355	0.0	0.0	0.2347245692818645	-0.8906277175687465			0	0	0	0	0
Braf	0.527363184079602	0.2238805970149253	0.1393034825870646	0.9203980099502488			2654.8900449753305	2808.9869221599697	0.0813679963692504	2686.06230649919	2787.381018730803	1213.1115820924608	1384.9366842820853	-0.1375623951140454	-0.0444716786810586	0.724948603908585	0	0	0	0	0
Brcc3	0.6965174129353234	0.4278606965174129	0.5920398009950248	0.9950248756218906			2277.493940964184	2417.072985608002	0.0857772565416027	2304.0614348868044	2398.4639766733017	1274.3903514284336	1233.216427473969	0.1052504217426609	-0.0242461310787491	0.892370594830993	0	0	1	0	0
Brwd3	0.8208955223880597	0.572139303482587	0.8308457711442786	0.6268656716417911			1412.1708735613763	1909.2075460984784	0.4347934774452973	1428.7124032640145	1894.5954084074283	93.09517185018171	115.62618424268268	0.0972269764396042	0.211305647394586	0.0594098224844351	0	0	0	0	0
Btbd7	0.7014925373134329	0.6567164179104478	0.3532338308457711	0.6268656716417911			1236.814491220235	1435.1824533322322	0.2144439245638355	1250.786109323457	1424.2862727009508	1028.2769658845684	838.8955594658552	0.4806130456023996			0	0	0	0	0
C1rl	0.6320754716981132	0.6509433962264151	0.3679245283018867	0.330188679245283			481.6310592265486	456.13308626215786	-0.0783065199647129	485.8846905901226	452.2314273683807	98.29848695976251	74.11766388345804	0.299287302729569	0.063091762845082	0.68388368031847	0	0	0	0	0
Calcb	0.9552238805970148	0.9502487562189056	0.9950248756218906	0.0696517412935323			0.0	0.0	0.0								0	0	0	0	0
Calcr	0.6119402985074627	0.4427860696517413	0.8557213930348259	0.6268656716417911			0.4917299651717763	0.297770244390709	-0.2009514077324822	0.5015353735605355	0.2953063148252603	1.8980742258008825	1.6376553621760683	-0.0773066825853155			0	0	0	0	0
Camk2d	0.4647887323943662	0.3943661971830985	0.4788732394366197	0.4859154929577465		0.1764705882352941	308.3062431911084	279.87409396083285	-0.1391123882055256	311.41760469145424	277.6063850152894	93.1427749175748	64.76613030367945	0.3522581638926518	-0.0538612657363268	0.712353276277747	0	0	0	0	0
Car8	0.9253731343283582	0.6119402985074627	0.9203980099502488	0.1169154228855721		0.2	191.0224329157249	154.49678520622834	-0.3043901089583654	192.69663363806436	153.18111220297644	73.03047506287744	51.93040634296676	0.1548497165516926			0	0	0	0	0
Casp3	0.8606965174129353	0.5472636815920398	0.8756218905472637	0.6616915422885572			3828.792906186319	3577.1166002311325	-0.0980659800502247	3874.036821118783	3550.554480334695	577.4870144278426	469.7626176983733	0.1715254084816772	-0.185081319630415	0.439683062126657	0	0	0	0	0
Cbln3	0.4029850746268656	0.154228855721393	0.1641791044776119	0.9353233830845772			17.00706599319943	12.737835684178142	-0.3904083989572298	17.177343683084445	12.635652459570707	0.3595601198500379	0.0	0.0283822940282397			0	0	0	0	0
Ccdc24	0.2924528301886792	0.1886792452830188	0.1415094339622641	0.5330188679245284			0.6988646598926934	0.893310733172127	0.1563402831276144	0.7038273936370251	0.8859189444757809	53.128699756811606	15.675446694609724	1.8451568054548817			0	0	0	0	0
Ccdc96	0.8159203980099502	0.8208955223880597	0.7611940298507462	0.4054726368159204			31.33786956897388	12.256651402334048	-1.286508236413688								0	0	0	0	0
Cd55	0.5621890547263682	0.8507462686567164	0.8009950248756219	0.9203980099502488			2821.9535391208715	1784.124690244125	-0.6611805353009402	2854.475637601668	1770.2766742180513	1850.6405017917448	1197.515939793305	-0.0613865680945264	-0.228433649677213	0.144251656233522	0	0	0	0	0
Cdh5	0.6197183098591549	0.4225352112676056	0.2394366197183098	0.3380281690140845	0.4545454545454545	0.0588235294117647	1017.0897346241228	1112.9976985559117	0.1298815257354287	1026.95106765273	1103.8006111648751	59.25911827974962	56.00675616403769	0.1840610842826172	0.0149179431053247	0.952287694890795	0	0	0	0	0
Cds1	0.1641791044776119	0.4925373134328358	0.527363184079602	0.0273631840796019			61.46550008001336	64.58742456744267	0.0703596215336075	62.185363039685846	64.08626630100785	35.265544013847325	38.27951521041123	-0.0724148725784525			0	0	0	0	0
Cerk	0.5754716981132075	0.2452830188679245	0.3396226415094339	0.0613207547169811			657.005385748513	570.8054643229574	-0.2025749856046865	663.986850078808	566.2342638471574	159.49346215959022	153.0343060746102	-0.1701183011198221			0	0	0	0	0
Cers6	0.5223880597014925	0.36318407960199	0.0497512437810945	0.7412935323383084													0	0	0	0	0
Chic2	0.5377358490566038	0.2169811320754717	0.0377358490566037	0.7169811320754716			923.1718551329914	1065.5687119946665	0.2067438527713497	933.4198274745798	1057.1665756641346	312.38608921296856	362.761525387899	-0.035627856129483	-0.0323975452253214	0.87896900972012	0	0	0	0	0
Chst13	0.3582089552238806	0.6865671641791045	0.4527363184079602	0.2412935323383084			108.82725836848144	117.37748498621625	0.1081585453896763	109.81845205076304	116.39481559076148	27.30457427308893	38.60181063895062	-0.4013605920104564	0.0029341706920954	0.993041765299387	0	0	0	0	0
Chst2	0.1194029850746268	0.1442786069651741	0.0646766169154228	0.4054726368159204			20.026555577855685	28.284969915436232	0.4779478750710478	20.217663752810143	28.048439271910027	0.0	0.2347245692818645	0.1490055851610022			0	0	0	0	0
Cldn18	0.1509433962264151	0.2547169811320754	0.3018867924528302	0.330188679245283			6.576823990161125	0.595540488781418	-2.2475480152091896	6.699178566974193	0.5906126296505206	0.3821774391509652	0.0	-1.8081791643895424			0	0	0	0	0
Cpeb3	0.3113207547169811	0.3584905660377358	0.0754716981132075	0.330188679245283			1016.0595997992132	771.9475871983341	-0.3959617288795363	1027.265085447396	765.8403418396805	1219.0394146490132	859.3311197707266	0.0807497313184737	-0.114966097184415	0.183516729319516	0	1	1	1	1
Cplx4	0.3432835820895522	0.5920398009950248	0.6915422885572139	0.7412935323383084			0.0	0.2920784563987182	0.3696936746919141								0	0	0	0	0
Crkl	0.2816901408450704	0.0845070422535211	0.1830985915492957	0.056338028169014			3203.8662696196807	2900.9766323012777	-0.1432282559650518	3240.782393105834	2879.0551822296134	811.4390258642284	670.1078795328948	0.1050240477240954	-0.0426232796537021	0.742348158810724	0	0	0	0	0
Crmp1	0.5070422535211268	0.4929577464788732	0.5352112676056338	0.9295774647887324			10.316755096164949	13.25575636442142	0.3330842389894149	10.433655004347711	13.154638577616472	4.448419606934713	5.665005807564757	0.017219931118385	-0.0255527315666408	0.950137475155988	0	0	0	0	0
Ctnnb1	0.9716981132075472	0.9622641509433962	0.4622641509433962	0.6556603773584906			11093.091014097585	15965.75895860048	0.52528002815199	11217.265712336846	15842.929507503584	1433.9616669803445	1403.5057611933903	0.5290301832881164	0.0258519882170617	0.916807613923993	1	1	1	0	0
Cxcl9	0.3962264150943396	0.5	0.6698113207547169	0.7971698113207547			2.389025680142217	3.111955612782289	0.2789541223942088	2.4057126042564447	3.0909537680741823	0.7643548783019304	0.0	1.0836213075150385			0	0	0	0	0
Cyb561d1	0.0943396226415094	0.1037735849056603	0.1886792452830188	0.0613207547169811			521.5769119360524	573.0807830190938	0.1356103770406122	527.5514395765642	568.6514705613085	14.337481397293152	24.35548360797618	-0.6172005752600227			0	0	0	0	0
Cyb5rl	0.2452830188679245	0.4528301886792453	0.3773584905660377	0.4669811320754717			158.4027167533294	139.0937833997664	-0.1862832796386205	160.24541319092637	138.0383676973173	58.83843278288165	57.44760331651077	-0.1798465487320358			0	0	0	0	0
Cyfip1	0.7323943661971831	0.5211267605633803	0.8309859154929577	0.3943661971830985			1332.7292922342065	1506.946433741425	0.1771193095285209	1347.2081038103445	1495.3006075063042	310.82404177006515	268.6176756663338	0.3601739248785919	0.0154362100219619	0.952250652111266	0	0	0	0	0
Dap	0.3681592039800995	0.2736318407960199	0.4378109452736318	0.3532338308457711			1335.408266305925	1358.4742825404212	0.024688048304608	1349.2978874120029	1347.5030262684986	191.5634788995756	167.9404640977549	0.1869002376777737	-0.0221339892326406	0.93996412714871	0	0	0	0	0
Dipk1c	0.0422535211267605	0.323943661971831	0.0985915492957746	0.2464788732394366													0	0	0	0	0
Dnajb1	0.5943396226415094	0.5188679245283019	0.4811320754716981	0.7169811320754716			5039.105817891202	4076.538971617544	-0.3057553579229009	5096.882029107747	4046.1333940660807	188.42504948482	195.16822427101985	-0.383461831918468	-0.286997008869413	0.0373145685770446	0	0	0	0	0
Dnajb4	0.5492957746478874	0.5774647887323944	0.5633802816901409	0.056338028169014			5136.165499557817	4746.976379145472	-0.1136597947855733	5195.844147464271	4710.332471629129	2388.2205272034694	1015.893311537936	1.0908710477202122	0.0833916584667093	0.617669163067906	0	0	0	0	0
Dnmt3b	0.7661691542288557	0.7412935323383084	0.6467661691542289	0.4054726368159204			672.4205681592151	652.4110263332656	-0.0435169852956913	680.1273477887738	647.4912464578097	156.67981879101444	142.19541008923235	0.0681753155586002	-0.0787378765282712	0.818209045303874	0	0	0	0	0
Dock5	0.472636815920398	0.3383084577114428	0.0248756218905472	0.5522388059701493			802.738668203699	756.186685536719	-0.0860774494947201	811.3898288221911	750.2452518537672	103.9308234806499	94.47273522831476	0.0233896256843797	-0.0708790863044936	0.52450627033358	0	0	0	0	0
Dpp10	0.1691542288557214	0.2985074626865671	0.4825870646766169	0.6933962264150944			0.3608324558427889	0.0	-0.4444894547890241	0.3634503515131412	0.0	4.235370625772876	1.8669633086609496	0.4215060647476316			0	0	0	0	0
Dydc2	0.2264150943396226	0.4150943396226415	0.6226415094339622	0.8349056603773585			0.4917299651717763	0.2662051868860052	-0.2364751902175899	0.5015353735605355	0.2650911150132712	12.223349569723474	12.148839296217549	-0.2390449516723558			0	0	0	0	0
Eea1	0.8169014084507042	0.6338028169014085	0.7323943661971831	0.7253521126760564	0.3636363636363636	0.2941176470588235	2733.71812308034	3073.7409120584302	0.1690727121899236	2765.591653721685	3050.2911273977675	660.3502166513141	452.15217088250415	0.6867289705880348	0.353721782021941	0.0010721521628036	0	0	0	0	0
Eef1a1	0.9905660377358492	0.981132075471698	0.981132075471698	0.4056603773584906			259589.96050327935	272480.7461193144	0.0699194386743263	262595.9318717226	270412.46477923344	275.4282070714527	381.4001118244593	-0.4258611778240194	0.0343283414785281	0.749496588366775	0	0	0	0	0
Eif5a2	0.835820895522388	0.7860696517412935	0.6318407960199005	0.8756218905472637			1799.141909934212	4140.228807762499	1.2019482730149127	1820.0925748291663	4108.137180116607	281.75979456569434	288.49229797364336	1.1400832646638188	-0.0053838901176189	0.990532750605219	1	1	0	0	0
Elavl1	0.3490566037735849	0.1792452830188679	0.0283018867924528	0.4669811320754717			4285.938404804055	4706.877863802404	0.1351292046045491	4335.608187194273	4671.712506890794	1417.5786093877814	1511.1050892958965	0.0155808654078074	0.016218754595586	0.918300913296422	0	0	0	0	0
Elp1	0.8490566037735849	0.160377358490566	0.7169811320754716	0.1981132075471698													0	0	0	0	0
Enox2	0.9056603773584906	0.7641509433962265	0.6415094339622641	0.0613207547169811			486.41411517607565	569.5767521222872	0.2272729350775552	492.0697536433078	565.2668232160917	161.26046644751514	154.60922868820506	0.2600741667352835	0.209030679559542	0.0711144959190724	0	0	0	0	0
Epcip	0.1293532338308457	0.1641791044776119	0.0398009950248756	0.4054726368159204													0	0	0	0	0
Erap1	0.7075471698113207	0.7547169811320755	0.7641509433962265	0.0613207547169811			1740.341160877294	1783.1683797101605	0.0350528938026287	1759.379716018869	1769.2287602810763	165.83215739005016	159.24007136034334	0.0662115837157653	0.0081878989061562	0.973757135988487	0	0	0	0	0
Ereg	0.3830845771144278	0.4378109452736318	0.681592039800995	0.4925373134328358			0.4917299651717763	3.1895754213204284	1.4898176454067658	0.5015353735605355	3.162580279678941	0.0	0.6036695314011445	0.7896627577655932			0	0	0	0	0
Fam117b	0.8258706467661692	0.5572139303482587	0.4328358208955223	0.5522388059701493			1134.345628496428	1690.4250415445724	0.5751076850310554	1147.534690586199	1677.8099415707982	68.67347616685568	83.72197145780912	0.2655178624110811	0.105490236651311	0.364327139109603	0	0	0	0	0
Fam168b	0.4150943396226415	0.2358490566037736	0.2547169811320754	0.1981132075471698			5036.543304848842	6253.352000039981	0.3121400818939076	5094.280134900729	6205.680781216185	549.4542771107888	574.1716852543412	0.2212905577751366			0	0	0	0	0
Fam204a	0.6268656716417911	0.2388059701492537	0.6666666666666666	0.4925373134328358													0	0	0	0	0
Fam24a	1.0	1.0	0.9905660377358492	0.9386792452830188			0.0	0.0	0.0	0.0	0.0	3.055413766136415	2.979214817815773	0.0273653323862299			0	0	0	0	0
Fam81a	0.5352112676056338	0.5070422535211268	0.6056338028169014	0.5211267605633803			11.091856941449572	14.899847203451245	0.394977085686948	11.201689396013832	14.77442317495229	5.1459254008695146	5.449847657877867	0.3008715101289068	-0.263461456866381	0.298344570859545	0	0	0	0	0
Fastkd2	0.6417910447761194	0.5771144278606966	0.2487562189054726	0.1169154228855721			1282.2245799575658	1274.9776940794816	-0.0081705728140587	1297.56340084533	1265.3199732971905	178.6310555335373	168.17553262507792	0.0502413983263731	-0.0255657451633807	0.924800757520255	0	0	0	0	0
Fbxl19	0.5211267605633803	0.4366197183098591	0.380281690140845	0.056338028169014			2135.1675216408507	1417.652859126997	-0.59050318124477	2159.5248696651	1406.9297624675792	283.4924228777265	207.2305425342013	-0.1675979390094227			0	0	1	0	0
Fhl5	0.1408450704225352	0.2676056338028169	0.4366197183098591	0.6197183098591549			0.0	0.0	0.0	0.0	0.0	261.6450040102643	116.2029880576724	1.1641047907087283			0	0	0	0	0
Fmr1	0.9859154929577464	0.8169014084507042	0.8732394366197183	0.056338028169014	0.8181818181818182	0.7058823529411765	5260.106827639723	6981.389031925865	0.4083543960318856	5319.332595925123	6927.90313387815	1581.257657962652	1202.3776504304303	0.7760056325121963	0.330286640934889	0.000741869581345	0	0	0	0	0
Fpgt	0.9528301886792452	0.9528301886792452	0.9528301886792452	0.0613207547169811			495.297610709297	438.2260691009548	-0.1762418249559426	500.9467161396171	434.7790986834448	40.87061152947542	37.217801792916944	-0.0722440326945815			0	0	0	0	0
Fzd1	0.7452830188679245	0.6037735849056604	0.5943396226415094	0.6084905660377359			81.22332793360063	90.9624481336544	0.1614971073829021								0	0	0	0	0
Fzd4	0.4433962264150943	0.3867924528301887	0.330188679245283	0.4669811320754717			145.92215330314886	156.64862481411868	0.1016606396981932	147.2495802451588	155.33293420441646	1.1012976788510411	2.8841272641683067	-0.8097161980442552			0	0	0	0	0
Gad1	0.7512437810945274	0.9552238805970148	0.8606965174129353	0.4552238805970149			4.739578248464995	2.822983273928321	-0.5862458415234141	4.798377759400985	2.800503869285967	3.0662209890190524	1.1206624467886064	0.3297150001968466			0	0	0	0	0
Gal3st1	0.3930348258706467	0.6368159203980099	0.6218905472636815	0.8507462686567164			16.707506900968962	14.091628770576133	-0.2306125867799115	16.850014090072467	13.98646681841201	5.527099966484826	9.957802723791476	-0.9997094122302534			0	0	0	0	0
Gas1	0.8773584905660378	0.7075471698113207	0.9245283018867924	0.330188679245283			7.688734649157641	6.184068709620643	-0.2743449426097629						-0.0362247410119042	0.925909216325312	0	0	0	0	0
Gfra2	0.6792452830188679	0.2924528301886792	0.7547169811320755	0.9622641509433962			273.09366140444075	233.58064670918216	-0.2245849717289011	275.7206826981002	231.73900066810455	90.40175578054172	71.26321934588638	0.0892428593082498	-0.165472075964983	0.551536941811002	0	0	0	0	0
Ghr	0.943661971830986	0.9014084507042254	0.943661971830986	0.5070422535211268			606.5312635577772	629.526399148621	0.0535981234772458	611.754483749079	623.9522778988729	180.12113572606742	146.35542048980622	0.3260916708084745			0	0	0	0	0
Gjc3	0.0547263681592039	0.5323383084577115	0.1293532338308457	0.900497512437811			0.3380322040499046	0.8819271571881454	0.4920979479777563	0.3403770421238838	0.8732395525883091	1.831225141433754	2.303018467198937	0.2605379661948028			0	0	0	0	0
Glo1	0.2835820895522388	0.0298507462686567	0.1592039800995024	0.7089552238805971			8164.516401348268	7047.976811966647	-0.2121302676181798	8257.530296238452	6993.821932357317	1179.0418012706266	892.5357426367267	0.1616428919304375	-0.007172952919241	0.979760912641402	0	0	0	0	0
Glrp1	0.5	0.6792452830188679	0.6037735849056604	0.0613207547169811			3.518346941594364	4.274577650385171	0.2232605255469757	3.574954612952844	4.240480547656543	30.613879775097768	37.40982720129544	-0.0849756934367654			0	0	0	0	0
Gm20537	0.9800995024875622	0.9900497512437813	0.900497512437811	0.7761194029850746			0.0	0.0	0.0	0.0	0.0	422.6670561043616	395.49058392519424	0.095644346218193			0	0	0	0	0
Gm21969	0.1592039800995024	0.0597014925373134	0.308457711442786	0.2412935323383084													0	0	0	0	0
Gm21972	0.9339622641509434	0.8679245283018868	0.5754716981132075	0.7971698113207547													0	0	0	0	0
Gm32742	0.4676616915422885	0.3880597014925373	0.6169154228855721	0.2412935323383084													0	0	0	0	0
Gm3752	0.3233830845771144	0.4527363184079602	0.5174129353233831	0.8830845771144279			0.0	0.0	0.0	0.0	0.0	0.3595601198500379	0.8188276810880342	-0.4198689171595648			0	0	0	0	0
Gm49340	0.7611940298507462	0.7562189054726368	0.8855721393034826	0.4054726368159204													0	0	0	0	0
Gng12	0.6915422885572139	0.4228855721393035	0.1442786069651741	0.8159203980099502			1000.6879412574564	1013.6124194055614	0.0184955934914088	1010.8758744128144	1005.360182879127	53.7104215755283	49.42202379671539	0.1098760678361197	-0.0109141406876322	0.947108266636743	0	0	0	0	0
Gpm6a	0.845771144278607	0.6716417910447762	0.7114427860696517	0.3532338308457711			18.33639455760616	23.506961278336515	0.3418727928461444	18.515778542190727	23.3001687181885	0.7191202397000759	1.676788201366018	-0.3225072239770133			0	0	0	0	0
Gpr26	0.0796019900497512	0.0646766169154228	0.2238805970149253	0.835820895522388			0.0	0.2920784563987182	0.3696936746919141	0.0	0.2889666188815243	0.3595601198500379	0.5841031118061696	0.1456886049236733			0	0	0	0	0
Gsk3b	0.2830188679245283	0.2641509433962264	0.0566037735849056	0.1981132075471698			3073.4532243784174	2862.3953056814803	-0.1026030022347036	3108.5009454932856	2840.4178199014527	411.9374347740061	337.367906969296	0.1572584056425217	0.0379875301971304	0.804586110067379	0	0	0	0	0
H4c4	0.8905472636815921	0.8706467661691543	0.7711442786069652	0.4925373134328358													0	0	0	0	0
Has2	0.7263681592039801	0.7313432835820896	0.582089552238806	0.0273631840796019			46.645714721572496	32.831208613184735	-0.4939917452409868	47.14093833988576	32.56678973750124	14.069704670075971	8.118494535992058	0.2045538884249995			0	0	0	0	0
Haus1	0.9751243781094528	0.9800995024875622	0.845771144278607	0.5522388059701493			1204.1162857779273	1193.204199217605	-0.0131228169047963	1218.096224672544	1184.2711357928445	392.4963231416936	423.5207953506886	-0.1500799560156304	0.0142092999163842	0.955795564086074	0	0	0	0	0
Hdgfl3	0.160377358490566	0.3490566037735849	0.5377358490566038	0.6084905660377359													0	0	0	0	0
Hdhd2	0.3661971830985915	0.1549295774647887	0.1690140845070422	0.1619718309859155	0.9090909090909092	0.7647058823529411	975.5774861655628	1083.998609727206	0.1518867702104273	986.9632404697592	1075.820872350045	719.6675377777739	867.5619052744709	-0.1450458066084127	0.0366987359897465	0.918867883285835	0	0	0	0	0
Hmgb1	0.9154929577464788	0.8591549295774648	0.5492957746478874	0.8380281690140845			21138.07104748171	19879.12093775896	-0.0885854458025929	21383.987495751888	19728.395657569225	767.5309831444032	737.1972711498884	-0.0581545803923892	0.0022108848877549	0.993883237005767	0	0	0	0	0
Hpcal1	0.9353233830845772	0.8606965174129353	0.6716417910447762	0.6268656716417911			436.9347148315396	452.4208494087695	0.0501349153546321	441.32139232702906	448.7723811384094	116.57432291933829	112.03663441812182	0.0808826630292519	0.0373473823414887	0.864987746258707	0	0	0	0	0
Hs6st2	0.2587064676616915	0.5970149253731343	0.0298507462686567	0.0273631840796019			15.67112438911743	18.635802244974908	0.2361351316807955	15.876666089495302	18.487688052395672	3.471015747470945	2.805861585788408	0.4399125441362287	-0.56877723412743	0.641651940325404	0	0	0	0	0
Hus1	0.380281690140845	0.1830985915492957	0.0422535211267605	0.1619718309859155			1754.38171897188	1715.0001574796331	-0.0327351026654512	1775.5302253940536	1702.3048881862926	212.3595732686308	216.49727152072373	-0.0884359949120985	-0.189018225203458	0.0790526521325065	0	0	0	0	0
Hykk	0.1830985915492957	0.352112676056338	0.6619718309859155	0.2957746478873239													0	0	0	0	0
Idi1	0.7412935323383084	0.845771144278607	0.9054726368159204	0.4552238805970149			2208.366714120385	2570.245797934245	0.2188346316905244	2231.289903148325	2549.235245873993	80.01597754338819	91.50135934125616	0.0008378250084035	0.096339526753716	0.792307703347673	0	0	0	0	0
Idnk	0.6901408450704225	0.7887323943661971	0.647887323943662	0.2112676056338028													0	0	0	0	0
Ifih1	0.9104477611940298	0.6268656716417911	0.945273631840796	0.2412935323383084			643.0386262019922	646.5264762514922	0.0077919668039618	650.4179143695425	641.3807758820063	164.38542667673218	148.03658613900973	0.1300109042110769	0.122087847845485	0.54730028168266	0	0	0	0	0
Ifnlr1	0.6619718309859155	0.2535211267605634	0.2112676056338028	0.2464788732394366													0	0	0	0	0
Igbp1	0.7910447761194029	0.9601990049751244	0.6517412935323383	0.8656716417910447			1822.9903421565657	1815.7385216405555	-0.0057472993587419	1844.47914656159	1801.885130758176	276.6844876492963	290.05784294050267	-0.1015472635757207	-0.0255760523281461	0.874132549700636	0	0	0	0	0
Il17d	0.0646766169154228	0.3781094527363184	0.1044776119402985	0.2412935323383084			1.3977293197853868	2.0471348652382684	0.3457845529004916	1.40765478727405	2.030589308021097	3.8650032830402	4.6168701799918415	0.124644125941106			0	0	0	0	0
Irx1	0.8113207547169812	0.9245283018867924	0.9150943396226416	0.6556603773584906			0.9834599303435528	0.0	-0.988019252598615								0	0	0	0	0
Itprid1	0.0049751243781094	0.5024875621890548	0.0199004975124378	0.7761194029850746													0	0	0	0	0
Kank2	0.736318407960199	0.3034825870646766	0.5422885572139303	0.4054726368159204			527.4896694138239	571.4611517973118	0.1153025217722112	532.3658534047551	566.5306092718552	97.11121645151177	110.33914643466952	-0.0928982028283172	0.017730345581257	0.925909216325312	0	0	0	0	0
Kcnk9	0.1144278606965174	0.0099502487562189	0.2437810945273631	0.900497512437811			0.0	0.0	0.0								0	0	0	0	0
Kif1c	0.2641509433962264	0.1509433962264151	0.2641509433962264	0.6556603773584906			992.0383657143958	1107.6884176233712	0.1589326098965298	1001.406583434156	1098.5106897860094	134.45305815882514	114.29397006084253	0.3658697405066901	0.117326896182826	0.249282915598724	0	0	0	0	0
Kirrel1	0.373134328358209	0.044776119402985	0.0746268656716417	0.6840796019900498													0	0	0	0	0
Ksr2	0.0188679245283018	0.0094339622641509	0.0188679245283018	0.5330188679245284			3.733318066328558	5.72048023885003	0.5057124596578132	3.772233702890657	5.674117530083385	12.210847841663025	6.997832089203453	1.2079545573494634			0	0	0	0	0
Lama2	0.9950248756218906	1.0	0.835820895522388	0.5895522388059702			7.958366097828893	4.895991408679302	-0.6035012032006456	8.04600277934185	4.854968681175317	10.989667837567325	6.274091961762885	0.0933336350885432			0	0	0	0	0
Lgi1	0.0597014925373134	0.1791044776119403	0.1990049751243781	0.7412935323383084			0.6760644080998093	0.0	-0.7450775902429733	0.6807540842477677	0.0	0.7859693240672044	0.0	0.0875986455061677			0	0	0	0	0
Lhx6	0.6019900497512438	0.0348258706467661	0.3681592039800995	0.2412935323383084			18.129259862885245	14.47662169572208	-0.3056904668264472	18.313486522114232	14.346082656342496	22.95341967209796	4.773651307261031	1.7209375529124653			0	0	0	0	0
Lratd2	0.1698113207547169	0.3962264150943396	0.2169811320754717	0.8867924528301887													0	0	0	0	0
Lrrc15	0.1267605633802817	0.2957746478873239	0.1267605633802817	0.8873239436619719			4.094150522171347	3.1781918453364466	-0.2859628525232518	4.135684054403797	3.1499008877914694	0.3929846620336022	0.0	0.1706998025825101			0	0	0	0	0
Lsmem1	0.7169811320754716	0.9433962264150944	0.8867924528301887	0.5801886792452831													0	0	0	0	0
Lss	0.4245283018867924	0.1698113207547169	0.5	0.9905660377358492			3113.0675916733508	3619.0687524677073	0.2172168384414041	3142.9312798630963	3588.617100441389	250.06510717761844	276.04882902100985	0.0491815471033874	0.0694336063397814	0.572668783993648	0	0	0	0	0
Macir	0.36318407960199	0.1741293532338308	0.4477611940298507	0.5895522388059702													0	0	0	0	0
Map7d1	0.2786069651741293	0.3283582089552239	0.2885572139303483	0.5522388059701493													0	0	0	0	0
Mapk8ip2	0.208955223880597	0.472636815920398	0.3333333333333333	0.4925373134328358			2.1818909854212998	0.8301806181627195	-0.7978983751796714								0	0	0	0	0
Mapkbp1	0.4084507042253521	0.2816901408450704	0.3661971830985915	0.2957746478873239			260.0060226722239	406.9503380751583	0.6443104389487142	263.01261236687526	403.8400459769057	38.67202766591594	64.37525842860089	-0.1038774535854054	-0.0016298592727253	0.997940235075288	0	0	0	0	0
Mapre1	0.4427860696517413	0.1194029850746268	0.2736318407960199	0.7985074626865671			9024.698917843518	10639.324220828166	0.2374315532205846	9129.342445978362	10558.204556225784	863.5957334614471	885.5887065488292	0.1735210129239354	0.0867561893386583	0.782489222262961	0	0	0	0	0
Marchf6	0.8109452736318408	0.2039800995024875	0.154228855721393	0.4054726368159204													0	0	0	0	0
Mc5r	0.7735849056603774	0.6981132075471698	0.7358490566037735	0.0613207547169811			15.5846039930362	17.871052892685988	0.18633035511652	15.751983350847963	17.733320031797735	0.0	0.6036695314011445	-0.5201021840756954			0	0	0	0	0
Me2	0.3018867924528302	0.320754716981132	0.6981132075471698	0.6084905660377359			3260.215402997636	4125.735558443476	0.3395912591719343	3298.180799679897	4094.4165250245296	437.21878001056416	517.3354053753511	0.0696677182415692	0.116368766419649	0.116391820880593	0	0	0	0	0
Meak7	0.154228855721393	0.2885572139303483	0.208955223880597	0.1169154228855721													0	0	0	0	0
Megf8	0.1981132075471698	0.1981132075471698	0.4245283018867924	0.1462264150943396			334.8362587360179	369.8251101396396	0.1429809382629898	338.5320117817078	367.0538487757246	58.70983583770961	60.65515937170975	0.0701162329159802			0	0	0	0	0
Meox2	0.8679245283018868	0.8962264150943396	0.9716981132075472	0.5330188679245284			0.9834599303435528	0.0	-0.988019252598615	1.003070747121071	0.0	1.1121049017336782	0.469449138563729	-0.478807310834375			0	0	0	0	0
Mfap5	0.0704225352112676	0.0140845070422535	0.1408450704225352	0.8873239436619719			0.0	0.2920784563987182	0.3696936746919141								0	0	0	0	0
Mmgt1	0.7711442786069652	0.6019900497512438	0.3432835820895522	0.1169154228855721			1684.5912374854136	1837.962625550913	0.1256374397418187	1703.8671949313295	1823.921956402897	167.76599085502815	155.49733910316257	0.2070614855692476	-0.122148353855267	0.916326094964996	0	0	0	0	0
Mn1	0.3396226415094339	0.3018867924528302	0.1792452830188679	0.4056603773584906			58.22359231292141	69.79182998692478	0.2574108675307019	58.734839740182935	69.21061179699466	16.695389369494766	17.324257538746984	0.182735247778174			0	0	0	0	0
Mob4	0.7605633802816901	0.7746478873239436	0.4647887323943662	0.971830985915493	1.0	1.0	1618.6809131393811	1851.712559413241	0.1939294491176419	1636.8239291337163	1837.3077351362213	539.2544333221074	622.0784659878861	-0.039176826859407	0.167917315867407	0.205554342287689	0	0	0	0	0
Mocs3	0.7264150943396226	0.8867924528301887	0.3113207547169811	0.0613207547169811			146.5244460517238	203.2267019215581	0.4692174647535898						0.206273946511582	0.203942529953035	0	1	1	1	1
Morc4	0.7114427860696517	0.965174129353234	0.3134328358208955	0.6268656716417911			1557.3393264738827	1856.5183420277544	0.2533670440178947	1570.933107879334	1839.734637213019	170.58399069143772	187.415357726793	0.0927402219615579	-0.055016225164619	0.818222348575488	0	0	0	0	0
Moxd1	0.4507042253521127	0.8732394366197183	0.7605633802816901	0.8380281690140845			1.4751898955153289	0.595540488781418	-0.6334939931638208	1.5046061206816062	0.5906126296505206	0.3595601198500379	0.0	-0.2118612600717135			0	0	0	0	0
Mprip	0.1320754716981132	0.0849056603773584	0.1509433962264151	0.330188679245283			4044.048378424983	3994.016274262861	-0.0179555770778318	4090.700806300294	3964.038100493328	982.225362877858	944.4188925541752	0.0112025095656877	0.0831639955253592	0.243981623875707	0	0	0	0	0
Mpst	0.9154228855721394	0.8308457711442786	0.9601990049751244	0.7761194029850746			4744.616216298146	4594.617260400214	-0.0463367826282432	4797.347856737357	4559.347044379667	760.9216738280423	684.4639967116431	0.0791676717127164	0.0120078352664236	0.967997802888754	0	0	0	0	0
Mrps16	0.6368159203980099	0.6069651741293532	0.3980099502487562	0.6840796019900498			973.0990856722456	1058.050747453868	0.1206312855690014	984.3129581484832	1049.9289519910942	121.40415918592664	143.77379418574688	-0.1491366968344495	-0.0713627673510775	0.692431874784535	0	0	0	0	0
Ms4a1	0.5471698113207547	0.8018867924528302	0.7264150943396226	1.0			4.815815433856924	1.737981044863578	-1.0868690269459138	4.8625847574300805	1.722603601308365	0.7191202397000759	0.5365593349824368	-0.9445829517029152			0	0	0	0	0
Msl2	0.8407960199004975	0.8557213930348259	0.8407960199004975	0.4054726368159204			4435.532766723336	3723.36633303855	-0.2524376387341847	4486.775091706836	3695.2258308354153	251.6543898939836	197.334672503279	0.0692808670064906	-0.0224563125084676	0.978036033991261	0	0	1	0	0
Mtcl3	0.0696517412935323	0.1840796019900497	0.0149253731343283	0.2412935323383084													0	0	0	0	0
Naaladl2	0.4811320754716981	0.6132075471698113	0.6320754716981132	0.4669811320754717													0	0	0	0	0
Nanp	0.5283018867924528	0.0377358490566037	0.5849056603773585	0.5330188679245284			960.6723158308964	754.43862162873	-0.3482308447828082	971.952304029248	748.6851792790516	857.0569751659626	772.1590914105753	-0.225776060698756	-0.261316643441138	0.052990978709213	0	0	0	0	0
Napb	0.6318407960199005	0.208955223880597	0.6616915422885572	0.5522388059701493			34.342395331850526	44.74507591428966	0.3722166354553041	34.70544510285828	44.373987092406765	29.401501246813392	19.93719947291305	0.8837954186382068	-0.110028875394263	0.677974913210332	0	0	0	0	0
Ndc1	0.7464788732394366	0.5352112676056338	0.7464788732394366	0.1619718309859155													0	0	0	0	0
Nedd4	0.8207547169811321	0.5566037735849056	0.5660377358490566	0.4056603773584906			22675.167242241205	26231.021408809556	0.2101521697390853	22931.061271212315	26026.94748426385	2095.4034428935884	2173.1130894432645	0.130184906488003	0.0801796197803538	0.326255581298045	0	0	0	0	0
Nell1	0.1741293532338308	0.6666666666666666	0.4875621890547263	0.0273631840796019			0.8297621692216811	0.0	-0.871656140540729	0.8419124156844194	0.0	1.8764597800356084	3.5157741527982096	-1.5318834983581953			0	0	0	0	0
Nfat5	0.9577464788732394	0.9154929577464788	0.9295774647887324	0.3380281690140845			2126.53337282939	2399.1833457051684	0.173962852498049	2150.8246187788973	2380.5764935570355	240.6748022315992	271.899224790869	-0.0289448461902461	0.387674628602397	0.0064531732231659	0	1	0	0	0
Nipal3	0.3773584905660377	0.4339622641509434	0.4150943396226415	0.1226415094339622			1522.047796756633	1831.0781085191427	0.266519794733764	1539.854343154699	1816.739994619352	447.1926203369901	639.4688665948001	-0.276594183827853	0.0453378411947658	0.874132549700636	0	0	0	0	0
Nmbr	0.8732394366197183	1.0	0.971830985915493	0.6408450704225352			2.5427234412640884	3.404034069181008	0.3139667820145518	2.566870935693096	3.379920386955707	72.91963630748242	105.1623667808134	-0.2259972434708437			0	0	0	0	0
Nopchap1	0.1094527363184079	0.1094527363184079	0.2288557213930348	0.3532338308457711													0	0	0	0	0
Noto	0.660377358490566	0.9150943396226416	0.9056603773584906	0.1981132075471698			0.0	0.0	0.0	0.0	0.0	0.0	0.6036695314011445	-0.6813768758770287			0	0	0	0	0
Npat	0.8855721393034826	0.681592039800995	0.8208955223880597	0.1169154228855721			3128.1926741991083	3118.295541564792	-0.0045702434311368	3164.986868253923	3094.620472728985	543.4950249935392	575.8710260510029	-0.1157566027234276	-0.0064015207481885	0.974885026430622	0	0	0	0	0
Nsun6	0.965174129353234	0.8159203980099502	0.9303482587064676	0.9875621890547264			324.75250643480734	348.25540764299484	0.1005061742043567	328.4765253403351	345.6473907204374	110.88234808304529	116.30042545342224	0.0050674129845064	-0.0078576049026964	0.974885026430622	0	0	0	0	0
Nuak1	0.1415094339622641	0.2075471698113207	0.1226415094339622	0.1462264150943396			36.66495268519905	42.863238828333785	0.2197896264389512	37.03657001452012	42.52080985977635	10.110220615689448	6.21239838814116	0.817654718719252			0	0	0	0	0
Nudt16	0.3482587064676617	0.4029850746268656	0.3383084577114428	0.2412935323383084			184.4145136461544	192.37587466423028	0.060653639318923	186.4646432145016	190.89638185588444	3.752919560071217	1.4224972124891788	1.0060279682512752	-0.066970467473966	0.665277344839616	0	0	0	0	0
Nup155	0.7183098591549296	0.5915492957746479	0.1549295774647887	0.5704225352112676		0.1176470588235294	5474.399649077185	5710.875852162943	0.0610003518990543	5539.620122950118	5667.720205567514	1086.7440469247954	1022.5744318939364	0.1206987125515604	0.0028767764129084	0.987767712428345	0	0	0	0	0
Nvl	0.2985074626865671	0.1144278606965174	0.0696517412935323	0.2412935323383084			3163.402595292668	2889.0858500950867	-0.1308208116006392	3200.71583590885	2867.3920853940704	631.9894225686521	637.641930787723	-0.1714289129143638	-0.0961261080290199	0.491760248575561	0	0	0	0	0
Or10ag54	0.3383084577114428	0.3233830845771144	0.6865671641791045	0.7412935323383084													0	0	0	0	0
Or10g6	0.2437810945273631	0.3830845771144278	0.5621890547263682	0.2412935323383084													0	0	0	0	0
Or11m3	0.2189054726368159	0.3681592039800995	0.5074626865671642	0.4054726368159204													0	0	0	0	0
Or12d15	0.352112676056338	0.676056338028169	0.8028169014084507	0.3380281690140845													0	0	0	0	0
Or14a260	0.1971830985915492	0.6619718309859155	0.6197183098591549	1.0													0	0	0	0	0
Or1e1	0.7313432835820896	0.9054726368159204	0.9353233830845772	0.4054726368159204													0	0	0	0	0
Or1j15	0.2736318407960199	0.263681592039801	0.4577114427860697	0.2412935323383084													0	0	0	0	0
Or1l4	0.3034825870646766	0.4825870646766169	0.5970149253731343	0.2412935323383084													0	0	0	0	0
Or1n2	0.0348258706467661	0.2338308457711442	0.0945273631840796	0.2412935323383084													0	0	0	0	0
Or1r1	0.099502487562189	0.5124378109452736	0.3034825870646766	0.2412935323383084													0	0	0	0	0
Or2ak5	0.4875621890547263	0.6169154228855721	0.7810945273631841	0.8507462686567164													0	0	0	0	0
Or2d2	0.5174129353233831	0.746268656716418	0.7860696517412935	0.2412935323383084													0	0	0	0	0
Or2h1	0.5188679245283019	0.839622641509434	0.8490566037735849	0.2594339622641509													0	0	0	0	0
Or4a74	0.1840796019900497	0.6766169154228856	0.4925373134328358	0.2412935323383084													0	0	0	0	0
Or4b1	0.4339622641509434	0.5471698113207547	0.7924528301886793	0.7547169811320755													0	0	0	0	0
Or4c10	0.4129353233830846	0.5870646766169154	0.7512437810945274	0.4054726368159204													0	0	0	0	0
Or4c104	0.7761194029850746	0.8855721393034826	0.965174129353234	0.4054726368159204													0	0	0	0	0
Or4c115	0.3283582089552239	0.8059701492537313	0.6417910447761194	0.2412935323383084													0	0	0	0	0
Or4c119	0.6766169154228856	0.9701492537313432	0.9154228855721394	0.8656716417910447													0	0	0	0	0
Or4c29	0.2338308457711442	0.6417910447761194	0.5522388059701493	0.835820895522388													0	0	0	0	0
Or4q3	0.4228855721393035	0.7263681592039801	0.7562189054726368	0.2412935323383084													0	0	0	0	0
Or4s2	0.4925373134328358	0.527363184079602	0.746268656716418	0.2412935323383084													0	0	0	0	0
Or4x11	0.3880597014925373	0.3184079601990049	0.736318407960199	0.2412935323383084													0	0	0	0	0
Or51s1	0.308457711442786	0.4626865671641791	0.6019900497512438	0.2412935323383084													0	0	0	0	0
Or52d1	0.5422885572139303	0.5074626865671642	0.8258706467661692	0.9776119402985076													0	0	0	0	0
Or52e4	0.6567164179104478	0.9154228855721394	0.8955223880597015	0.0696517412935323													0	0	0	0	0
Or52p1	0.0746268656716417	0.6517412935323383	0.2139303482587064	0.4925373134328358													0	0	0	0	0
Or5ac22	0.3184079601990049	0.3582089552238806	0.6268656716417911	0.2412935323383084													0	0	0	0	0
Or5k15	0.9014084507042254	0.971830985915493	1.0	0.9859154929577464													0	0	0	0	0
Or5m11	0.3781094527363184	0.7711442786069652	0.7313432835820896	0.2412935323383084													0	0	0	0	0
Or5p56	0.0248756218905472	0.8258706467661692	0.0348258706467661	0.4925373134328358													0	0	0	0	0
Or6c65	0.0199004975124378	0.7761194029850746	0.0597014925373134	0.6616915422885572													0	0	0	0	0
Or6c7	0.3980099502487562	0.8407960199004975	0.7412935323383084	0.2412935323383084													0	0	0	0	0
Or6c8	0.1990049751243781	0.3134328358208955	0.4278606965174129	0.2412935323383084													0	0	0	0	0
Or7g23	0.417910447761194	0.3432835820895522	0.6567164179104478	0.2412935323383084													0	0	0	0	0
Or8b12i	0.1690140845070422	0.7183098591549296	0.5774647887323944	0.2464788732394366													0	0	0	0	0
Or8b48	0.5124378109452736	0.7164179104477612	0.7910447761194029	0.5223880597014925													0	0	0	0	0
Or8k32	0.4225352112676056	0.9577464788732394	0.8169014084507042	0.5704225352112676													0	0	0	0	0
Or8k41	0.8450704225352113	0.9859154929577464	0.9859154929577464	0.7816901408450704													0	0	0	0	0
Or9k7	0.1393034825870646	0.4975124378109453	0.3830845771144278	0.7412935323383084													0	0	0	0	0
Pabpc4l	0.6338028169014085	0.6056338028169014	0.7183098591549296	0.7816901408450704			21.57920604910096	19.66647226456698	-0.1277026137003139	21.819221206899304	19.51001433678634	0.3821774391509652	0.0	0.3130217811015418	-0.122316576748707	0.157459611970067	0	0	0	0	0
Pappa2	0.1549295774647887	0.1690140845070422	0.4225352112676056	0.5704225352112676	0.0909090909090909	0.4705882352941176	1.0596971157354824	1.153824132066141	0.0644682525181161	1.0672777451501665	1.1446703635453164	0.7643548783019304	0.0	0.8721644602600969			0	0	0	0	0
Paqr4	0.1132075471698113	0.0471698113207547	0.0471698113207547	0.6933962264150944			229.44997470388333	203.47209956652816	-0.1725496099745387	232.0661363479324	201.8249472080718	2.9217155974021574	3.6496723092684	-0.4461484176561296			0	0	0	0	0
Parg	0.8656716417910447	0.6467661691542289	0.1840796019900497	0.7089552238805971			1594.642774126698	2431.484883010624	0.6082931360821272	1612.861876844028	2413.116573600202	802.4717056960131	814.919561270885	0.5587985243179987	0.489079995944329	0.0001072555045118	1	0	0	0	0
Pask	0.839622641509434	0.8584905660377359	0.3867924528301887	0.4056603773584906			2033.6337187190256	2029.189781457093	-0.003154502921884	2057.9274942105926	2014.13704825912	616.1072361124262	551.6707336909836	0.1280859269120687	0.0942689901656115	0.547201288556052	0	0	0	0	0
Pcyt1a	0.5870646766169154	0.4577114427860697	0.0796019900497512	0.7089552238805971			7689.061770330077	5314.897324034376	-0.5326819472755473	7776.435617973276	5274.196443440218	540.3874610379643	302.0579279961217	0.2769981623827561	-0.331962340497927	0.0384269093097516	0	0	1	0	0
Pdcd1lg2	0.5970149253731343	0.8656716417910447	0.5223880597014925	0.7761194029850746			1.9122595367500477	1.6862345058381518	-0.1165536761228349	1.9322634702238437	1.674852593571859	2.2242098034673563	3.717104742054333	-0.6815113602004117			0	0	0	0	0
Pde12	0.6886792452830188	0.7169811320754716	0.1320754716981132	0.6556603773584906			1386.5038286279498	1499.080934815359	0.1125485890701786	1402.8122511446145	1488.0088270154895	78.57102819113196	91.10047599796968	-0.1259630643985426	0.0397212711184352	0.817930501855385	0	0	0	0	0
Pfdn4	0.7860696517412935	0.8009950248756219	0.8109452736318408	0.1169154228855721			812.6554639673574	835.0344025902285	0.0391442841586268	822.1716536710318	828.6877366986654	168.01901801307528	186.56111953035608	-0.1388000486201767	-0.0011035390144636	0.997203447319341	0	0	0	0	0
Phf6	0.8591549295774648	0.8309859154929577	0.352112676056338	0.4507042253521127	0.7272727272727273	0.5882352941176471	2075.971975517528	2215.257222444398	0.0936435825553742	2100.01062984126	2198.3508735776163	257.2161239541684	252.67236496012663	0.0916070514678418	0.112399706614491	0.785095046461886	0	0	0	0	0
Pi4k2b	0.9295774647887324	0.8873239436619719	0.6901408450704225	0.676056338028169			2739.784210097538	2289.6989060921774	-0.2588009045941705	2770.274794804083	2271.985791693298	1046.5742915681233	924.7136862696044	-0.1075465037316684	-0.190698653241485	0.0191693530940247	0	0	0	0	0
Pif1	0.4716981132075472	0.7924528301886793	0.7075471698113207	0.4056603773584906			2443.371129799098	2407.646254355552	-0.0212408188853205	2471.97675314084	2389.2556323078065	1042.2430094489075	954.7761340928068	0.0772468460613287	-0.0416564864676089	0.863872720752132	0	0	0	0	0
Pitpnb	0.5566037735849056	0.6320754716981132	0.6886792452830188	0.1462264150943396			2309.7520406517256	3480.1048825145194	0.5911828246423434	2335.619777921729	3453.755712424347	931.9827924254546	1008.550747334103	0.4503696522607396	0.521201744839348	0.0002598143679618	1	1	1	1	1
Pla2g5	0.5849056603773585	0.6886792452830188	0.8584905660377359	0.5330188679245284			0.0	0.0	0.0	0.0	0.0	0.0	0.469449138563729	-0.5552754244456869			0	0	0	0	0
Pld6	0.9701492537313432	0.9203980099502488	0.4776119402985074	0.0273631840796019			34.232365645729466	35.27104482284249	0.0419169575900065	34.59580115462697	34.9768918528059	0.0	0.6036695314011445	-0.6660133948321696	0.0377147092868523	0.925909216325312	0	0	0	0	0
Pm20d1	0.0377358490566037	0.0188679245283018	0.0943396226415094	0.9386792452830188			205.92833103382935	218.12896402505035	0.0826490080385645	207.81134276889665	216.40111409246643	39.01104536139154	49.43949014471741	-0.2759961189641565	-0.0175704135218752	0.961074020079622	0	0	0	0	0
Potefam3a	0.5771144278606966	0.9402985074626866	0.8159203980099502	0.9552238805970148													0	0	0	0	0
Potefam3b	0.6716417910447762	0.9303482587064676	0.8706467661691543	0.9552238805970148													0	0	0	0	0
Potefam3c	0.681592039800995	0.9850746268656716	0.9253731343283582	0.9552238805970148													0	0	0	0	0
Potefam3d	0.5920398009950248	0.8756218905472637	0.8656716417910447	0.9203980099502488													0	0	0	0	0
Potefam3e	0.7064676616915423	0.9353233830845772	0.8507462686567164	0.9552238805970148													0	0	0	0	0
Potefam3f	0.8557213930348259	0.9751243781094528	0.9800995024875622	0.9552238805970148													0	0	0	0	0
Pou6f2	0.0985915492957746	0.028169014084507	0.3380281690140845	0.1619718309859155			0.0	0.0	0.0	0.0	0.0	0.3595601198500379	0.0	0.4431399488557035			0	0	0	0	0
Ppp1r16b	0.4825870646766169	0.0796019900497512	0.1144278606965174	0.7089552238805971		0.6	104.12606526135346	94.32123241848232	-0.1412509101221799	105.15854840303162	93.52251608597788	14.96844934875432	19.342585351880142	-0.5167694312207123			0	0	0	0	0
Ppp1r7	0.0845771144278607	0.0248756218905472	0.2935323383084577	0.6268656716417911			3265.0547642497445	3601.738550596423	0.14154497792774	3303.573016402097	3574.8147201489423	516.0990147513533	456.2931684991117	0.2911293014528716	0.181960224831739	0.150008621960635	0	0	0	0	0
Prep	0.3134328358208955	0.0398009950248756	0.4129353233830846	0.8159203980099502			2568.0546964127952	2833.3806808517656	0.1417959309496115	2596.7565526367453	2811.6272943566964	167.58851045883156	156.81221014704246	0.2099495408091752	0.052900088922516	0.705686736160052	0	0	0	0	0
Pros1	1.0	0.9295774647887324	0.9577464788732394	0.3943661971830985			468.555283289506	531.5715577426851	0.1816803585483332	473.9943360602536	527.3627554859255	69.01249386233127	116.13797793284668	-0.5889061303151215	0.0546377112188699	0.84333801571441	0	0	0	0	0
Prps2	0.4477611940298507	0.1293532338308457	0.5373134328358209	0.9875621890547264			1511.9944677058818	1437.5321149489555	-0.072809282999229	1529.78400083744	1426.732246017153	65.70412208600293	65.03302172211403	-0.0859570315783288	-0.103772562542474	0.62439814122804	0	0	0	0	0
Ptp4a3	0.490566037735849	0.3679245283018867	0.5094339622641509	0.7547169811320755			14248.12632844939	8077.059182090566	-0.8187928437484	14408.095494931966	8015.80996217973	7031.374769031642	4191.28245657883	-0.0996035606676331	-0.140126420975658	0.320764627184613	0	0	0	0	0
Ptprb	0.5323383084577115	0.0497512437810945	0.2786069651741293	0.0696517412935323			265.70324371198456	297.4889273456219	0.1624420432908821	268.09853750022165	294.904938989085	37.616033773521934	41.29761309690756	0.0056229677026146	-0.0003876745707191	0.998315855734956	0	0	0	0	0
Ptprt	0.1226415094339622	0.1226415094339622	0.2830188679245283	0.8207547169811321			11.760084919536103	4.274577650385171	-1.274510447316454	11.887456410400276	4.240480547656543	17.358467747710353	13.118459474901172	-0.9193335575231654			0	0	0	0	0
Pum1	0.1886792452830188	0.5094339622641509	0.490566037735849	0.8679245283018868			6742.497928344087	7095.066427851886	0.0735223873591117	6818.333101053802	7040.463184050316	2919.672208374688	2828.155144535654	0.0921737464338002	0.105023860945828	0.232665848450626	0	0	0	0	0
Qpctl	0.4528301886792453	0.4811320754716981	0.320754716981132	0.7547169811320755			239.49922546611788	280.1303300337701	0.2252068609812619	242.11429793890812	277.98679681865553	128.135147446778	123.30730230173197	0.2535327765104125	-0.0324560389711986	0.853386019452361	0	0	0	0	0
Rab3c	0.2388059701492537	0.3661971830985915	0.4676616915422885	0.7253521126760564			2.489286507665043	0.5639754312767141	-1.1577142137456735	2.5257372470532578	0.5603974298385316	0.0	1.3749534356654458	-2.4239106633393988			0	0	0	0	0
Rabep1	0.7830188679245284	0.6226415094339622	0.5283018867924528	0.4056603773584906			2018.2645261842208	2045.2056774128396	0.0191212491051673	2041.615206049427	2029.4653063197677	358.8789216720909	428.393694261861	-0.2633964735586663	0.0645826937406316	0.619801338011413	0	0	0	0	0
Rbbp4	0.6132075471698113	0.3773584905660377	0.6132075471698113	0.1462264150943396			21801.794187053776	18116.98708545478	-0.2670903583638342	22049.754883999365	17977.95753417891	794.6351469289316	688.2530161731147	-0.0874453409245587	-0.0398394975528104	0.786851131208441	0	0	0	0	0
Rbm34	0.8706467661691543	0.6965174129353234	0.5572139303482587	0.5223880597014925			947.920295219133	988.7610064748392	0.0607932927681182	958.7071398615196	981.3019641150942	440.6918529449328	440.4033747809392	0.0345149195128064	-0.133469586402258	0.677180798195022	0	0	0	0	0
Rcsd1	0.572139303482587	0.1044776119402985	0.3880597014925373	0.4925373134328358			1000.5250264802092	797.5275316172198	-0.3267844173826738	1011.0797227913798	791.1613480548926	664.2547975636174	473.7750068016898	0.1332062963192196	-0.146577188461938	0.523442852799681	0	0	0	0	0
Rdh11	0.8308457711442786	0.4875621890547263	0.6069651741293532	0.0696517412935323			1899.135699131287	2090.758395911218	0.1386137727805014	1919.374482702862	2073.7510982652807	245.2851057957639	238.2427026705769	0.1534050620359046	-0.0848887023759727	0.754981554911767	0	0	0	0	0
Rdh14	0.6666666666666666	0.2139303482587064	0.3930348258706467	0.2412935323383084			320.5643879777681	395.260077004142	0.3013399814326448	324.13368499491145	392.2013957000966	137.9986701531125	161.61738383072174	0.0478250008145656	-0.0711277398972214	0.416685787434861	0	0	0	0	0
Rgs6	0.4079601990049751	0.0199004975124378	0.2686567164179104	0.0273631840796019			2.69642120238596	3.7535508525971424	0.3628764348618785	2.7280292671297475	3.722977709517473	49.89635893041037	34.96684948209488	0.8421781996891302			0	0	0	0	0
Rida	1.0	0.9950248756218906	0.9900497512437813	0.1169154228855721													0	0	0	0	0
Rnf43	0.6226415094339622	0.5754716981132075	0.4716981132075472	0.2594339622641509			449.5194731917043	417.1158411934216	-0.107686762300899	454.1592029340558	413.74744004476526	205.34865152619292	199.94605399979287	-0.0958624114645574	0.113172548359534	0.60132318971893	0	0	0	0	0
Rnmt	0.3867924528301887	0.2735849056603773	0.0094339622641509	0.8490566037735849			2517.747543696263	2810.2310908456056	0.1584955253381235	2547.4764550263176	2788.9311131986565	673.155685371947	762.3096633286214	-0.0485921825056444	0.071861735746105	0.728216322863483	0	0	0	0	0
Rragc	0.8955223880597015	0.6218905472636815	0.1492537313432835	0.835820895522388			2091.1350394854703	2254.2572132428727	0.1083160078194754	2114.763801099533	2236.913834448078	557.6866185015159	645.8863072447765	-0.1304969971170181	0.102673619370549	0.38546543629806	0	0	0	0	0
Rspo1	0.704225352112676	0.6901408450704225	0.8450704225352113	0.2464788732394366			4.901112439600144	3.3983422811890165	-0.4240270678538984	4.954523160698959	3.3735806910119703	0.741737559001003	4.952098925718155	-2.218042316475906			0	0	0	0	0
Samd4	0.6517412935323383	0.3333333333333333	0.2189054726368159	0.9701492537313432		0.4	73.1242954678445	72.74935094931116	-0.0073161346845184	73.81108193692181	72.14613913732273	79.4387521724755	49.50934488546352	0.6388700928627438			0	0	0	0	0
Sap30bp	0.5373134328358209	0.308457711442786	0.4228855721393035	0.0273631840796019			1698.2338162872163	1722.29385770292	0.0202843497923728	1718.3337560057792	1709.2302193382611	384.2282217462045	387.5557255816208	-0.0200672054455039	-0.051263554647323	0.750132961857671	0	0	0	0	0
Scg3	0.7562189054726368	0.9104477611940298	0.9402985074626866	0.1169154228855721			0.3608324558427889	0.2662051868860052	-0.1039782442434624	0.3634503515131412	0.2650911150132712	0.3821774391509652	0.0	0.3589219638404077			0	0	0	0	0
Sdc3	0.0895522388059701	0.0049751243781094	1.0	0.6268656716417911			2004.5555757036077	2094.0222637482343	0.0629636304385597	2025.0294624211729	2077.5024600266647	41.1403940037639	43.153348457749495	-0.0304297470001792			0	0	0	0	0
Sde2	0.8309859154929577	0.8028169014084507	0.5070422535211268	0.2957746478873239													0	0	0	0	0
Sergef	0.2112676056338028	0.1971830985915492	0.2816901408450704	0.676056338028169			169.85276468378987	214.7171077874192	0.3363870030769532	171.85403280268542	213.0485070743973	119.19948893329808	147.0689211002034	0.0075454139385763	-0.054706587860875	0.708337126209736	0	0	0	0	0
Sfpq	0.9850746268656716	0.8955223880597015	0.8805970149253731	0.2412935323383084			18820.129808867467	18132.094027876945	-0.0537281224498432	19034.47449155753	17994.69399129771	15162.772993004675	14325.181274980165	0.0009358697307388	0.0036250723636779	0.984043087777376	0	0	0	0	0
Sh2b1	0.9054726368159204	0.6915422885572139	0.7213930348258707	0.4552238805970149			1655.594025684215	1704.372083703416	0.041866454698213	1674.549137178151	1691.3182553197428	1167.4186231879487	1184.9344126339374	-0.0071000566551602	-0.0049801228241809	0.976368287774469	0	0	0	0	0
Sh2d7	0.2935323383084577	0.373134328358209	0.4029850746268656	0.5522388059701493			0.0	0.0	0.0								0	0	0	0	0
Sh3bp5l	0.2358490566037736	0.0943396226415094	0.2358490566037736	0.330188679245283			2283.391615395869	1912.2615098070653	-0.2557759158068328	2309.3938195834944	1897.750286236852	386.72800611358	354.15496070032606	-0.156492295802778	-0.0873868628720465	0.502997725657326	0	0	0	0	0
Sla2	0.7164179104477612	0.582089552238806	0.6368159203980099	0.6268656716417911			115.2628319322477	113.8783409107213	-0.017283136485546	116.71683189522246	113.02868134602488	26.187074613928328	14.794925439899965	0.7375359225745189			0	0	0	0	0
Slc16a14	0.2039800995024875	0.5522388059701493	0.2835820895522388	0.9776119402985076			1.1677943732715856	1.1481323440741509	-0.0131450370306718	1.1822894578083032	1.1383306676015803	2.2478299963039365	4.105293887401363	-0.6818754008201815			0	0	0	0	0
Slc25a25	0.4788732394366197	0.2394366197183098	0.1971830985915492	0.7253521126760564			683.0000037343351	549.2194181360295	-0.3139892773862121	690.4177568248289	544.9897314200779	78.01392943878749	97.27770257085932	-0.6554409593729584	-0.195783717013149	0.273417480776459	0	1	0	0	0
Slc35b4	0.2547169811320754	0.1415094339622641	0.1132075471698113	0.2594339622641509			1489.637532296553	1542.3757664678888	0.0501598679600801	1506.28635810511	1530.7246676904583	155.65840755249403	166.09512718735994	-0.0698440020897783			0	0	0	0	0
Slc35d3	0.945273631840796	0.9253731343283582	0.9850746268656716	0.9353233830845772			152.24088945496294	156.8628393985856	0.0428702988698457	154.18504194189305	155.6990492428085	46.49629061733312	36.702659178613054	0.3471554864142887			0	0	0	0	0
Slc35f1	0.3098591549295774	0.3380281690140845	0.3943661971830985	0.3943661971830985			1.3442923861863416	0.0	-1.2291525176246965	1.3665210986342122	0.0	2.269444442069211	1.0481356275729157	-0.5680335305581248			0	0	0	0	0
Slc36a1	0.3333333333333333	0.3482587064676617	0.099502487562189	0.5895522388059702			1175.9527289068976	1121.0030919339536	-0.0689797255553142	1187.701609810203	1111.7966368511086	189.1343299591155	164.02016781409893	0.1091800425238339			0	0	0	0	0
Slc4a3	0.1492537313432835	0.0746268656716417	0.2388059701492537	0.8159203980099502			14.380977974777082	13.617982137599403	-0.073403061871616	14.513166579695644	13.488895631772015	1.1012976788510411	2.3755452864146283	-0.7823855873519765	0.135172878268571	0.330958833127254	0	0	0	0	0
Slc4a8	0.0497512437810945	0.0547263681592039	0.1243781094527363	0.8159203980099502			14.524906877300715	10.261263076121208	-0.4632159639704724	14.6847056056978	10.1796891927532	6.091218833578863	0.469449138563729	1.7822798232467691			0	0	0	0	0
Slc5a3	0.0845070422535211	0.1267605633802817	0.0704225352112676	0.7816901408450704			238.4778947465284	233.4462311990621	-0.0306354052133399	241.0436095153012	231.64474842832445	36.15310107989438	48.86742610685432	-0.4817534899281927	0.226909044984871	0.323251181416024	0	0	0	0	0
Slc7a11	0.2676056338028169	0.1408450704225352	0.4507042253521127	0.8380281690140845	0.6363636363636364	0.8235294117647058	58.98069949728275	19.239335672612707	-1.5673364106732033	59.7362048265313	19.095330502619817	10.81583625379342	2.940081978625823	-0.0112722716897932			0	0	0	0	0
Slco2a1	0.330188679245283	0.0660377358490566	0.1698113207547169	0.8584905660377359			406.0208090109269	398.0490406741058	-0.0285364987213471	409.324394651984	394.4653446850991	110.4310560103888	113.03324352325858	-0.086516750739169	-0.211053396152448	0.482981534234385	0	0	0	0	0
Slco5a1	0.0754716981132075	0.4056603773584906	0.2452830188679245	0.7971698113207547			1.9122595367500477	1.9840047502288607	0.0351108998614759	1.9322634702238437	1.9701589083971192	13.60655106117479	4.242508595075578	1.496811719603604			0	0	0	0	0
Slfn3	0.4056603773584906	0.5849056603773585	0.3962264150943396	0.4056603773584906			771.8032090601247	619.2839500645126	-0.3171722895144639	780.6401387513844	614.459600623493	160.5338588474329	134.3610342004295	-0.0898162932260889			0	0	0	0	0
Sltm	0.981132075471698	0.9905660377358492	1.0	0.0613207547169811			4223.309633766086	3937.5012769465866	-0.1010688418677099	4272.600883310931	3907.7400173021274	1758.6916909970932	1559.1536873025127	0.0448859793188299	-0.180485248934796	0.156791134342146	0	0	0	0	0
Son	0.8962264150943396	0.7358490566037735	0.8207547169811321	0.9150943396226416			23702.71034538005	25172.77131124389	0.0868084623975799	23980.41075526143	24981.55868084597	3508.6296301050866	3179.8621325257423	0.2009056614346226	0.108894085334329	0.308107094494014	0	0	0	0	0
Spaar	0.1890547263681592	0.5621890547263682	0.3781094527363184	0.4552238805970149													0	0	0	0	0
Spast	0.4622641509433962	0.5377358490566038	0.5471698113207547	0.4669811320754717			1657.461306747314	1890.159714586312	0.1894258554509058	1676.261667417415	1875.7020702934865	289.0603833069506	291.0101740758359	0.1524264873874078	0.0003227981464778	0.997940235075288	0	0	0	0	0
Spink10	0.0471698113207547	0.0566037735849056	0.2264150943396226	0.9386792452830188			2.043157046079035	1.6862345058381518	-0.1799835316955651	2.070348492271237	1.674852593571859	74.96121305136455	65.34819515848854	-0.0037373016256947			0	0	0	0	0
Spink2	0.3679245283018867	0.9339622641509434	0.7452830188679245	0.330188679245283			0.3380322040499046	0.2920784563987182	-0.0504191648031378								0	0	0	0	0
Srp14	0.7960199004975125	0.4676616915422885	0.7164179104477612	0.4054726368159204			1516.1520879316977	2531.9701731343303	0.739464371996633	1533.5741578982452	2512.573109338619	392.0344145003664	430.1818198852655	0.5782605777806448	0.154471840189035	0.182712187335979	1	0	0	0	0
Ssu72	0.971830985915493	0.943661971830986	0.9154929577464788	0.7816901408450704		0.5294117647058824	1264.6056105151374	2160.8447974443675	0.7724350527302667	1278.9188780195338	2144.466510985816	879.6051673313583	991.266422271108	0.573006783180302	0.371420727746643	0.0029285307879145	1	0	0	0	0
St14	0.676056338028169	0.7464788732394366	0.8591549295774648	0.5704225352112676			61.44422462038782	30.48578305645825	-0.987867597288942	62.10252365825463	30.250200370412	13.134215586713609	3.778476079308832	0.550737053814399			0	0	0	0	0
Stx6	0.8018867924528302	0.5660377358490566	0.8773584905660378	0.1981132075471698			493.9649316398115	543.4897417228832	0.1375785549910231	499.6898732445482	539.3608349609766	262.1498480092573	301.01937676159577	-0.0887507140305046	0.0121299597493963	0.949205722353117	0	0	0	0	0
Suz12	0.8805970149253731	0.7910447761194029	0.6119402985074627	0.7412935323383084			11984.89134217282	11309.469738924758	-0.0836783527357598	12123.268053369544	11222.398656169944	1822.510932216998	1674.2656338253976	0.0109409416534189	-0.0852767984533193	0.418004899244719	0	0	0	0	0
Synj1	0.9203980099502488	0.7661691542288557	0.3582089552238806	0.5522388059701493		1.0	6452.829790418218	5459.06646275939	-0.2412370170363742	6526.62100360145	5417.064520784596	2703.811065906883	2447.6803212446152	-0.1252563389229615	0.0208807763934015	0.929827076572406	0	0	0	0	0
Sytl3	0.5024875621890548	0.6318407960199005	0.5870646766169154	0.4552238805970149			10.176797766484672	6.602407396038177	-0.555978661613615	10.267838577060536	6.5473570826716925	12.492751654263296	6.162754539724468	0.3354308242306144			0	0	0	0	0
Taf13	0.0849056603773584	0.6698113207547169	0.660377358490566	0.5330188679245284			503.4368545103868	575.4721981697452	0.1925773481080222	509.106620878648	571.0602535366282	117.95647009742754	106.92339863897094	0.3057943403551565	0.290456656491476	0.855742435888673	0	0	0	0	0
Taf7l2	0.2957746478873239	0.7605633802816901	0.704225352112676	0.4859154929577465													0	0	0	0	0
Tax1bp3	0.5671641791044776	0.7064676616915423	0.8059701492537313	0.6616915422885572			290.62332574007087	248.3182536588276	-0.2261176068828044	293.7228737667262	246.3309565295613	13.682512863246735	10.318014511909748	0.1225617976260182			0	0	0	0	0
Tbx2	0.647887323943662	0.7323943661971831	0.7746478873239436	0.676056338028169			24.228094319316188	37.97374417432683	0.6274713045648685	24.506471619677367	37.66000747000819	25.053044024535883	22.64530142658442	0.7398769884898122			0	0	0	0	0
Tecrl	0.5094339622641509	0.7264150943396226	0.839622641509434	0.2594339622641509			0.0	0.0	0.0	0.0	0.0	0.0	0.2347245692818645	-0.3041892548886482			0	0	0	0	0
Tet1	0.2535211267605634	0.0704225352112676	0.0845070422535211	0.056338028169014	0.1818181818181818	0.6470588235294118	191.06675906778705	173.48657622213122	-0.1384918040116792	193.24968275174152	172.1348024200693	16.33614049153822	10.952333479009226	0.3704739565819259			0	0	0	0	0
Tex9	0.9900497512437813	0.945273631840796	0.9104477611940298	0.6616915422885572		0.8	232.12614915082588	228.6856880588189	-0.0214498731058696	234.8530391039984	227.00775529955263	5690.763305275428	5945.559124728134	-0.1119847458518938	0.159433977642126	0.47285385516398	0	0	0	0	0
Tlr7	0.9303482587064676	0.8109452736318408	0.9701492537313432	0.2412935323383084			190.2452227008904	166.36740278922144	-0.1924051401603725	192.1848203359404	165.00263636959798	24.804564754119173	24.05696539347963	-0.1763609897334611	0.0035890348229151	0.993041765299387	0	0	0	0	0
Tmed10	0.9502487562189056	0.835820895522388	0.7960199004975125	0.900497512437811			6172.679566236512	6113.271364498054	-0.0139500208470789	6241.921646870024	6065.9090739442845	655.7982204977724	578.1400785312994	0.1402782089881162	-0.0907999875948251	0.707354927659208	0	1	0	1	0
Tmem181a	0.6037735849056604	0.2830188679245283	0.5566037735849056	0.8867924528301887			172.87783860393927	150.09110096070194	-0.2026553769261171	174.71488273652653	148.94716553792742	43.50362758553728	47.38081301278324	-0.3492942143101981			0	0	0	0	0
Tmem218	0.5572139303482587	0.7114427860696517	0.7263681592039801	1.0			132.81047266469523	132.3686201600137	-0.0047717730583579	134.213356891573	131.3185890484719	35.356013291051035	44.63365068577974	-0.3591259856638725			0	0	0	0	0
Tnfrsf11a	0.3532338308457711	0.1890547263681592	0.2587064676616915	0.4054726368159204			49.64240405443587	50.700196282521	0.0298238649974633	50.1581851002222	50.28298053769143	24.35954972474369	15.286935312895467	0.642328999252859			0	0	0	0	0
Tnpo1	0.8009950248756219	0.5373134328358209	0.2537313432835821	0.5223880597014925			6177.618745577221	9600.969075284414	0.6360459355210504	6248.84372507261	9528.24009207827	487.6052840450391	484.4114609761442	0.6180023486530097	0.310968657594846	0.0004135636876169	1	1	1	1	1
Tnrc6a	0.7810945273631841	0.7213930348258707	0.5472636815920398	0.7761194029850746			4596.185382477558	6439.3092566030855	0.4863791223285315	4650.4242365923565	6390.648237298033	1389.8371314606557	1529.6133704080842	0.3203590655425302	0.519252867448038	4.84671632376996e-05	1	1	0	0	0
Top2b	0.6698113207547169	0.3396226415094339	0.0849056603773584	0.3943661971830985			11290.58615725774	15975.229034963586	0.500678761180454	11422.463059016683	15853.48804564858	1196.0623201288229	1703.0298675004235	-0.0365611426837369	-0.0201520882039135	0.924800757520255	0	0	0	0	0
Trim32	0.4366197183098591	0.4647887323943662	0.2676056338028169	0.9295774647887324			322.0333729511109	371.6475088323368	0.2061283960905287	325.59999610125845	368.78502377662943	14.66392821685312	18.655555755669337	-0.1483290741645937	0.095338015691414	0.493040755373642	0	0	0	0	0
Trim33	0.6865671641791045	0.5671641791044776	0.417910447761194	0.7761194029850746			3953.673239182528	4366.838390878031	0.143360983048085	4000.701417694694	4333.870887634596	453.2446579548232	466.2602653333688	0.074618686645542	0.131982467700587	0.203402334852393	0	0	0	0	0
Trim44	0.4929577464788732	0.4507042253521127	0.2253521126760563	0.9577464788732394	0.5454545454545454	0.8823529411764706	3065.262314083237	4270.746994949152	0.4783450796372019	3099.5915256283065	4237.740128183835	148.77898926176712	161.84887496591935	0.3303935488458212			1	0	0	0	0
Trim45	0.4577114427860697	0.1343283582089552	0.2039800995024875	0.6268656716417911			84.29026247994517	85.49333371147031	0.0202079047791255	85.1913146303806	84.82960733351787	29.34815676404237	31.97202926862261	-0.1257008857905146			0	0	0	0	0
Trim67	0.1044776119402985	0.0696517412935323	0.1890547263681592	0.4925373134328358			5.676214284884767	2.599726720531001	-0.8911428752609287	5.722557552365081	2.578307345972157	1.1012976788510411	1.207339062802289	-0.9807605931948644			0	0	0	0	0
Triobp	0.6069651741293532	0.4079601990049751	0.3283582089552239	0.8507462686567164			1824.7970550631671	1372.894675660904	-0.4102550029381787	1844.7607909794908	1362.3843357369583	349.6429786724468	258.9357473054874	-0.0051754928301585	-0.0795513454901082	0.450210013767299	0	0	0	0	0
Trip13	0.900497512437811	0.6616915422885572	0.0049751243781094	0.2412935323383084			1391.6238842462128	1399.3997891124934	0.0080330779005211	1407.8393254064997	1388.93690791082	593.3282021256188	561.9982605492327	0.0586416888296273	-0.0734700134621988	0.578854483357648	0	0	0	0	0
Ttll4	0.3380281690140845	0.0422535211267605	0.2535211267605634	0.6408450704225352			3027.3448939557497	3093.8546796784526	0.0313421474253623	3062.985596453452	3070.95436891423	739.1764322201342	772.6143796819291	-0.0599981405174292			0	0	0	0	0
Twf2	0.8867924528301887	0.8301886792452831	0.8679245283018868	0.6084905660377359			786.9568233543195	738.8370330096612	-0.09090906108263	795.7139662618629	733.1760472518632	164.49681876805897	161.7695807638419	-0.0939634395522355	-0.0724657026948387	0.63224103314284	0	0	0	0	0
Ube2g2	0.8059701492537313	0.5174129353233831	0.7661691542288557	0.4552238805970149			1488.8816667666354	1345.5155145350889	-0.1459668971327195	1505.5900727317332	1335.2530815629614	311.3436176301995	295.26430532095554	-0.0968444199865088			0	0	0	0	0
Ubox5	0.2238805970149253	0.0895522388059701	0.0845771144278607	0.6840796019900498			501.58017728608246	467.67444131975503	-0.1007676486494125	507.3734901752414	464.16158140917423	405.0739940775793	399.9034301349365	-0.109668978828075	-0.145980329717888	0.173933778607257	0	0	0	0	0
Ulk2	0.7641509433962265	0.7830188679245284	0.6509433962264151	0.9716981132075472			598.9701686766545	680.2629647780391	0.183321010485372	605.1696401953433	674.7860754036759	98.01760372872668	134.1531536258851	-0.2919932077580949	0.0092839286441707	0.965944576640141	0	0	0	0	0
Unkl	0.6415094339622641	0.330188679245283	0.5188679245283019	0.8349056603773585			2455.772735251007	2491.546763189545	0.020856164791832	2487.529690366548	2472.20778530254	935.2118320160594	1441.0734799053223	-0.6321479223416203	0.247658130284098	0.216929079564593	0	0	0	0	0
Usp24	0.6616915422885572	0.5422885572139303	0.1691542288557214	0.0273631840796019			11703.03768711151	11794.397014614784	0.0112176581650869	11840.32572930239	11704.91497023469	1395.0456178603288	1462.5928906373847	-0.0847611351450353	0.0262241129147862	0.819039384763779	0	0	0	0	0
Usp34	0.6169154228855721	0.7512437810945274	0.7064676616915423	0.0273631840796019			7917.735794256589	8548.55051972345	0.1105784482368976	8008.697806697116	8483.048346387777	1240.856345997199	1455.869363496038	-0.1473681918255028	0.0585280375032456	0.590360290787711	0	0	0	0	0
Ust	0.320754716981132	0.6415094339622641	0.3490566037735849	0.5330188679245284			27.41624548687393	31.871661647458453	0.2101284355932547	27.73603626036765	31.621923673308164	27.50342702101251	17.891788545794977	0.7763568777365353			0	0	0	0	0
Vmn1r214	0.2487562189054726	0.7611940298507462	0.5671641791044776	0.2412935323383084			0.0	0.0	0.0								0	0	0	0	0
Vmn1r217	0.263681592039801	0.2487562189054726	0.5771144278606966	0.7985074626865671			0.0	0.0	0.0								0	0	0	0	0
Vmn1r229	0.0298507462686567	0.3532338308457711	0.0895522388059701	0.2412935323383084			0.0	0.0	0.0								0	0	0	0	0
Vmn1r72	0.1343283582089552	0.5223880597014925	0.3482587064676617	0.2412935323383084			0.0	0.0	0.0								0	0	0	0	0
Vmn1r88	0.1442786069651741	0.2189054726368159	0.3233830845771144	0.1169154228855721			0.0	0.0	0.0								0	0	0	0	0
Vmn2r102	0.1940298507462686	0.2537313432835821	0.4975124378109453	0.2412935323383084			0.0	0.0	0.0								0	0	0	0	0
Vmn2r107	0.1243781094527363	0.1393034825870646	0.263681592039801	0.3532338308457711			0.0	0.0	0.0								0	0	0	0	0
Vmn2r112	0.4776119402985074	0.7960199004975125	0.7761194029850746	0.2412935323383084			0.0	0.0	0.0								0	0	0	0	0
Vmn2r118	0.8584905660377359	0.8113207547169812	0.9622641509433962	0.4669811320754717			0.0	0.0	0.0	0.0	0.0	1.8872670029182452	0.7712839042643013	0.7049090602867816			0	0	0	0	0
Vmn2r16	0.2288557213930348	0.1940298507462686	0.5323383084577115	0.1169154228855721			0.0	0.0	0.0	0.0	0.0	0.0	0.3493785425243051	-0.4322951257609171			0	0	0	0	0
Vmn2r20	0.0149253731343283	0.1592039800995024	0.0547263681592039	0.2412935323383084			0.0	0.2662051868860052	0.3405112105455616								0	0	0	0	0
Vmn2r53	0.1791044776119403	0.3930348258706467	0.373134328358209	0.2412935323383084			0.0	0.0	0.0	0.0	0.0	9.898174508063263	13.269501743006153	-0.3888484627159727			0	0	0	0	0
Vmn2r77	0.0099502487562189	0.417910447761194	0.044776119402985	0.1169154228855721			0.0	0.0	0.0	0.0	0.0	0.0	0.3493785425243051	-0.4322951257609171			0	0	0	0	0
Vmn2r92	0.3584905660377358	0.660377358490566	0.7735849056603774	0.6556603773584906			0.0	0.0	0.0								0	0	0	0	0
Vmn2r97	0.0398009950248756	0.1691542288557214	0.1094527363184079	0.9353233830845772			0.0	0.0	0.0	0.0	0.0	2.6850464234037403	2.140820717132764	0.2305412000965103			0	0	0	0	0
Vps16	0.7547169811320755	0.5283018867924528	0.4528301886792453	0.5330188679245284			2652.5105929865454	2964.760067463016	0.1604995791521365	2683.885632322824	2942.458577225225	659.935029710201	659.9996094791508	0.132510731323075	-0.0942359298980206	0.403703705237431	0	0	0	0	0
Vstm2a	0.6467661691542289	0.900497512437811	0.8905472636815921	0.8830845771144279			0.0	0.0	0.0	0.0	0.0	1.1347222210346055	0.0	1.0940483525584777			0	0	0	0	0
Wnt10b	0.4527363184079602	0.1990049751243781	0.4427860696517413	0.3532338308457711			4.762378500257879	0.8819271571881454	-1.6144536391670623	4.821451068790242	0.8732395525883091	1.483475118002006	0.0	-0.3234831098078767			0	0	0	0	0
Wnt5a	0.0945273631840796	0.2587064676616915	0.1194029850746268	0.900497512437811			3.96325301284236	3.710602219108457	-0.0753744905151412	3.997599032356404	3.680083117818013	0.7191202397000759	0.0	0.6869694506340807			0	0	0	0	0
Wt1	0.8507462686567164	0.8905472636815921	0.9552238805970148	0.6616915422885572			2.38118925012894	4.972806250537085	0.820878155281825	2.410725534395121	4.938768597316654	3.503437416118856	5.633711899131974	0.2412954104790423			0	0	0	0	0
Xpo7	0.4328358208955223	0.0845771144278607	0.0099502487562189	0.8159203980099502			69403.61989704079	27028.578027321342	-1.3604927091564134	70183.01920150495	26817.343892254998	20713.59955776308	9254.975281339552	-0.2257314043202885	-0.580883124101379	0.0094662598263434	0	0	0	0	0
Yeats4	0.9433962264150944	0.8773584905660378	0.9433962264150944	0.6556603773584906			2444.7273888271707	2603.090093708546	0.0905157583853514	2472.5598940304085	2583.155003180047	546.4098258056894	530.4465331805	0.1058005514811389	0.0729050304245578	0.577112564463121	0	0	0	0	0
Yipf4	0.5774647887323944	0.4788732394366197	0.4084507042253521	0.4507042253521127			4279.614704439891	3569.6765542372364	-0.2616205303464377	4326.800153708319	3541.48872262073	883.4510300800124	719.4496555818188	0.0070140264803808	0.292905794435907	0.733157052981071	0	0	0	0	0
Ywhaz	0.7358490566037735	0.490566037735849	0.4056603773584906	0.7547169811320755	0.5		6906.359651540642	12807.219372595113	0.8908636741339215	6984.984374403804	12709.863828509568	993.1673569690076	913.422765307767	0.9841541708069738	0.7471145596449	0.000741869581345	1	1	1	1	1
Zbtb44	0.4975124378109453	0.2835820895522388	0.5124378109452736	0.0273631840796019			3389.18474443836	2422.2896115971766	-0.4843970594932548	3427.881164195974	2403.646754369474	300.58375409003537	225.60707402911123	-0.0995471134002285	0.102847960557184	0.925909216325312	0	0	0	0	0
Zc3h7b	0.5074626865671642	0.2288557213930348	0.6766169154228856	0.7089552238805971			1918.3846733861023	2286.1485932392666	0.2529062207545705	1939.5706056011195	2268.884471106406	133.79772694305885	147.46444963528882	0.0868166016994468	-0.0673698212128926	0.463671796847665	0	0	0	0	0
Zc3hav1l	0.2394366197183098	0.2112676056338028	0.323943661971831	0.8380281690140845			896.2863443771354	736.562251618945	-0.282803634623849	906.8024670245952	730.9254974209583	45.28290921551309	41.95020953813312	-0.2028672232761352	-0.17789889464591	0.152974469282328	0	0	0	0	0
Zcchc14	0.2735849056603773	0.3113207547169811	0.0660377358490566	0.7547169811320755			189.3276980000585	211.59707018752317	0.1596361857977597	191.04359605610384	209.7910437452155	56.20270164007756	52.605958220849146	0.2280696368400365			0	0	0	0	0
Zfp229	0.6981132075471698	0.8207547169811321	0.8301886792452831	0.0613207547169811			339.0697825294019	494.69106826166063	0.5436104448123801	343.16041786836587	490.7611836408235	61.862738995799305	95.2259914289624	-0.0993448160154857			0	0	0	0	0
Zfp236	0.4378109452736318	0.2786069651741293	0.2338308457711442	0.1169154228855721			1807.443873345308	2715.7994059783027	0.5871592251895776	1828.288050312088	2695.0228364735103	671.3141886355336	862.3965734781331	0.1986626782350713			0	0	0	0	0
Zfp260	0.8028169014084507	0.6197183098591549	0.8873239436619719	0.1619718309859155			736.7042901212953	780.2660870402179	0.0827713658069992	744.7368735446776	774.1099696084126	90.58841804229831	111.7507997503028	-0.2441662595397813			0	0	0	0	0
Zfp275	0.582089552238806	0.2437810945273631	0.2985074626865671	0.0696517412935323			560.3120574034141	555.4021945619529	-0.0126749396325209	566.3108740037868	551.0400322356418	92.38822438861985	97.34004061721552	-0.1139049302664667			0	0	0	0	0
Zfp449	0.9245283018867924	0.7452830188679245	0.8113207547169812	0.981132075471698			86.95207542768162	88.35563905424506	0.0228411559715711	87.89556091954479	87.68379533016711	28.94567899455528	25.817363430164693	0.155739574954661			0	0	0	0	0
Zfp563	0.2537313432835821	0.4776119402985074	0.4079601990049751	0.5522388059701493			91.74122575257574	86.25497694621447	-0.0879733711010033	92.74580789643926	85.58545863402252	28.47303227820061	38.53680051412488	-0.5384300518222835			0	0	0	0	0
Zfp58	0.5660377358490566	0.5943396226415094	0.2735849056603773	0.7971698113207547			188.4108501214789	257.5550423854059	0.4489524649520393	190.54579129686545	255.53970713274649	61.43300992908169	96.03099154961966	-0.2146437786902914			0	0	0	0	0
Zfp616	0.2253521126760563	0.5633802816901409	0.676056338028169	0.5704225352112676		0.4117647058823529	0.0	0.0	0.0	0.0	0.0	1.1573395403355329	0.6036695314011445	0.4278763820342341			0	0	0	0	0
Zfp64	0.8301886792452831	0.9056603773584906	0.6792452830188679	0.5801886792452831			390.8815605281555	511.02368609413605	0.3857928600810764	395.559425983997	507.2248116324016	273.2800274523277	268.78838919282754	0.3817510450762725	0.0493875462507154	0.853386019452361	0	0	0	0	0
Zfp644	0.9622641509433962	0.9716981132075472	0.9339622641509434	0.9386792452830188	1.0		2191.144847134877	2690.454223867136	0.2960427599844716	2217.2011493868304	2669.977477404761	1115.950204256137	1013.4447079375008	0.4068522495162232	0.262995454178025	0.0680829217360513	0	0	0	0	0
Zfp652	0.4626865671641791	0.0149253731343283	0.4626865671641791	0.7761194029850746			2186.002752707509	2561.6015953549577	0.2286541657087183	2211.181891123073	2541.9081449716973	4161.855579380976	2302.033373162932	1.05504752851173	0.0595186169961768	0.699953642052728	0	0	0	0	0
Zfp983	0.6218905472636815	0.4477611940298507	0.472636815920398	0.0696517412935323													0	0	0	0	0
Zfp988	0.1792452830188679	0.4245283018867924	0.4339622641509434	0.330188679245283													0	0	0	0	0
Zxdb	0.9402985074626866	0.7810945273631841	0.9751243781094528	0.900497512437811			133.1469800765778	192.43865510254832	0.5280615423417027								0	0	0	0	0
