gene,miRNA,predicted_rs,coverage_effect,coverage_dependence,n_sites,site_coverage,coverage_tier,window_start,window_end
IL6ST,hsa-miR-449c-3p,0.1155516430735588,0.0443,High,1,5.828,High,0,5987
IL6ST,hsa-miR-1249-5p,0.111610323190689,0.0491,High,1,1.732,Medium,0,5987
IL6ST,hsa-miR-320a-3p,0.1088173240423202,0.0469,High,1,5.792,High,0,5987
IL6ST,hsa-miR-3651,0.1041571795940399,0.0409,High,1,1.579,Medium,0,5987
IL6ST,hsa-miR-6088,0.1029021218419075,0.0441,High,1,5.445,High,0,5987
IL6ST,hsa-miR-320c,0.1011726409196853,0.0428,High,1,5.792,High,0,5987
IL6ST,hsa-miR-130b-3p,0.0996100977063179,0.0418,High,1,4.819,High,0,5987
IL6ST,hsa-miR-378c,0.0988733917474746,0.0384,High,1,1.753,Medium,0,5987
IL6ST,hsa-miR-329-5p,0.0968347191810607,0.0371,High,1,5.759,High,0,5987
IL6ST,hsa-miR-4691-5p,0.0966927334666252,0.0387,High,1,5.966,High,0,5987
IL6ST,hsa-miR-6755-5p,0.0966696366667747,0.0408,High,1,5.445,High,0,5987
IL6ST,hsa-miR-7705,0.0958698391914367,0.0376,High,1,5.452,High,0,5987
IL6ST,hsa-miR-3164,0.0950351506471633,0.0402,High,1,5.85,High,0,5987
IL6ST,hsa-miR-8063,0.0950192734599113,0.0392,High,1,5.007,High,0,5987
IL6ST,hsa-miR-873-5p,0.0944728851318359,0.0381,High,1,5.845,High,0,5987
IL6ST,hsa-miR-4521,0.0942304357886314,0.0358,High,1,5.537,High,0,5987
IL6ST,hsa-miR-922,0.0941498056054115,0.0398,High,1,1.898,Medium,0,5987
IL6ST,hsa-miR-3121-3p,0.0939264073967933,0.0408,High,1,1.558,Medium,0,5987
IL6ST,hsa-miR-3609,0.0936897322535514,0.0389,High,1,5.811,High,0,5987
IL6ST,hsa-miR-6847-3p,0.0935449078679084,0.0332,Medium,1,5.745,High,0,5987
IL6ST,hsa-miR-4632-5p,0.0928699076175689,0.0368,High,1,5.211,High,0,5987
IL6ST,hsa-miR-8071,0.0924788638949394,0.0342,Medium,1,1.92,Medium,0,5987
IL6ST,hsa-miR-6756-5p,0.0922558978199958,0.0358,High,1,1.898,Medium,0,5987
IL6ST,hsa-miR-6881-5p,0.091975599527359,0.0388,High,1,5.727,High,0,5987
IL6ST,hsa-miR-6721-5p,0.0917809382081031,0.0377,High,1,5.211,High,0,5987
IL6ST,hsa-miR-320b,0.0917035937309265,0.0398,High,1,5.792,High,0,5987
IL6ST,hsa-miR-29b-2-5p,0.0914838165044784,0.036,High,1,5.733,High,0,5987
IL6ST,hsa-miR-202-3p,0.0911363735795021,0.0379,High,1,5.87,High,0,5987
IL6ST,hsa-miR-6838-5p,0.0910500511527061,0.0391,High,1,2.279,Medium,0,5987
IL6ST,hsa-miR-4482-3p,0.0910390615463256,0.0355,High,1,5.339,High,0,5987
IL6ST,hsa-miR-3177-5p,0.0909473896026611,0.0361,High,1,5.546,High,0,5987
IL6ST,hsa-miR-6751-5p,0.0904140323400497,0.0344,Medium,1,5.561,High,0,5987
IL6ST,hsa-miR-4653-3p,0.0900458469986915,0.0378,High,1,1.709,Medium,0,5987
IL6ST,hsa-miR-3665,0.0880760550498962,0.0343,Medium,1,5.337,High,0,5987
IL6ST,hsa-miR-188-5p,0.0876676142215728,0.035,Medium,1,5.445,High,0,5987
IL6ST,hsa-miR-654-5p,0.0875261947512626,0.0354,High,1,1.898,Medium,0,5987
IL6ST,hsa-miR-548az-5p,0.0874708294868469,0.0362,High,1,4.756,High,0,5987
IL6ST,hsa-miR-4510,0.0872867330908775,0.0366,High,1,1.732,Medium,0,5987
IL6ST,hsa-miR-378i,0.0872425585985183,0.0354,High,1,1.734,Medium,0,5987
IL6ST,hsa-miR-6077,0.0871193557977676,0.0348,Medium,1,1.836,Medium,0,5987
IL6ST,hsa-miR-3620-3p,0.0867068469524383,0.0335,Medium,1,5.398,High,0,5987
IL6ST,hsa-miR-5189-3p,0.0866625159978866,0.0359,High,1,2.295,Medium,0,5987
IL6ST,hsa-miR-3120-3p,0.0856261029839515,0.0364,High,1,5.868,High,0,5987
IL6ST,hsa-miR-12114,0.0854320153594017,0.0341,Medium,1,1.917,Medium,0,5987
IL6ST,hsa-miR-378h,0.0853659585118293,0.0324,Medium,1,1.734,Medium,0,5987
IL6ST,hsa-miR-4444,0.085084393620491,0.0342,Medium,1,2.27,Medium,0,5987
IL6ST,hsa-miR-12120,0.0846787020564079,0.0366,High,1,6.065,High,0,5987
IL6ST,hsa-miR-6774-5p,0.0843890458345413,0.0351,High,1,1.721,Medium,0,5987
IL6ST,hsa-miR-378e,0.0843822136521339,0.0334,Medium,1,1.734,Medium,0,5987
IL6ST,hsa-miR-4506,0.0843220204114914,0.0339,Medium,1,5.369,High,0,5987
IL6ST,hsa-miR-152-3p,0.0840531215071678,0.0351,High,1,4.819,High,0,5987
IL6ST,hsa-miR-378a-3p,0.0838800892233848,0.0334,Medium,1,1.734,Medium,0,5987
IL6ST,hsa-miR-6133,0.0838049054145813,0.0337,Medium,1,1.732,Medium,0,5987
IL6ST,hsa-miR-4793-5p,0.0837625935673713,0.0335,Medium,1,4.857,High,0,5987
IL6ST,hsa-miR-6855-5p,0.0835883095860481,0.0345,Medium,1,5.863,High,0,5987
IL6ST,hsa-miR-571,0.0831383243203163,0.0335,Medium,1,2.246,Medium,0,5987
IL6ST,hsa-miR-6857-5p,0.0829072445631027,0.0335,Medium,1,5.414,High,0,5987
IL6ST,hsa-miR-8086,0.0826068073511123,0.0338,Medium,2,5.482,High,0,5987
IL6ST,hsa-miR-513c-5p,0.0820836350321769,0.0343,Medium,1,1.823,Medium,0,5987
IL6ST,hsa-miR-153-3p,0.0817565619945526,0.0335,Medium,1,1.227,Medium,0,5987
IL6ST,hsa-miR-298,0.0815972685813903,0.0357,High,2,5.467,High,0,5987
IL6ST,hsa-miR-6893-3p,0.0814266428351402,0.0326,Medium,1,2.125,Medium,0,5987
IL6ST,hsa-miR-6894-5p,0.0813224092125892,0.0351,High,1,1.746,Medium,0,5987
IL6ST,hsa-miR-4690-3p,0.0812448188662529,0.0326,Medium,1,5.696,High,0,5987
IL6ST,hsa-miR-4451,0.0808532610535621,0.0333,Medium,1,5.874,High,0,5987
IL6ST,hsa-miR-502-5p,0.0807090252637863,0.0336,Medium,1,5.743,High,0,5987
IL6ST,hsa-miR-5581-5p,0.0806883499026298,0.0364,High,1,5.518,High,0,5987
IL6ST,hsa-miR-4739,0.0804707184433937,0.0343,Medium,1,1.735,Medium,0,5987
IL6ST,hsa-miR-6766-5p,0.0804200023412704,0.0355,High,1,1.898,Medium,0,5987
IL6ST,hsa-miR-1972,0.0801010578870773,0.0318,Medium,1,1.854,Medium,0,5987
IL6ST,hsa-miR-4722-5p,0.0799238160252571,0.0349,Medium,1,2.01,Medium,0,5987
IL6ST,hsa-miR-4287,0.0795749127864837,0.0303,Medium,2,4.066,High,0,5987
IL6ST,hsa-miR-6742-3p,0.0794920325279235,0.0322,Medium,1,6.12,High,0,5987
IL6ST,hsa-miR-4665-5p,0.0794780924916267,0.0326,Medium,1,5.4,High,0,5987
IL6ST,hsa-miR-4674,0.0794562473893165,0.0296,Medium,2,3.757,High,0,5987
IL6ST,hsa-miR-3649,0.0792341455817222,0.0331,Medium,1,5.537,High,0,5987
IL6ST,hsa-miR-422a,0.0789733976125717,0.0325,Medium,1,1.734,Medium,0,5987
IL6ST,hsa-miR-6831-5p,0.0783378928899765,0.0339,Medium,1,5.872,High,0,5987
IL6ST,hsa-miR-4700-3p,0.077683113515377,0.0313,Medium,1,2.27,Medium,0,5987
IL6ST,hsa-miR-6797-5p,0.0775449648499488,0.0345,Medium,1,1.732,Medium,0,5987
IL6ST,hsa-miR-541-3p,0.0774570181965828,0.0316,Medium,1,1.898,Medium,0,5987
IL6ST,hsa-miR-125a-5p,0.0766577646136283,0.0322,Medium,1,5.416,High,0,5987
IL6ST,hsa-miR-3670,0.0763465166091919,0.0314,Medium,1,5.398,High,0,5987
IL6ST,hsa-miR-509-3-5p,0.0759803354740142,0.032,Medium,1,5.702,High,0,5987
IL6ST,hsa-miR-6862-3p,0.0759186223149299,0.0284,Medium,1,5.398,High,0,5987
IL6ST,hsa-miR-6830-5p,0.0757613480091095,0.0332,Medium,1,5.849,High,0,5987
IL6ST,hsa-miR-5685,0.0757549479603767,0.0326,Medium,1,5.696,High,0,5987
IL6ST,hsa-miR-6784-3p,0.07432172447443,0.0296,Medium,1,5.398,High,0,5987
IL6ST,hsa-miR-7112-3p,0.0742208436131477,0.0311,Medium,1,5.535,High,0,5987
IL6ST,hsa-miR-3132,0.0741675198078155,0.0321,Medium,1,5.369,High,0,5987
IL6ST,hsa-miR-4429,0.0733796656131744,0.0312,Medium,1,5.792,High,0,5987
IL6ST,hsa-miR-6890-5p,0.0733584761619567,0.0305,Medium,1,5.709,High,0,5987
IL6ST,hsa-miR-1909-5p,0.0732922255992889,0.0285,Medium,1,5.509,High,0,5987
IL6ST,hsa-miR-661,0.0728758201003074,0.0272,Medium,1,6.12,High,0,5987
IL6ST,hsa-miR-12129,0.0720531567931175,0.0302,Medium,1,5.417,High,0,5987
IL6ST,hsa-miR-4319,0.0708737671375274,0.0303,Medium,1,5.398,High,0,5987
IL6ST,hsa-miR-6807-3p,0.0676166713237762,0.0278,Medium,1,5.84,High,0,5987
IL6ST,hsa-miR-6830-3p,0.0674042776226997,0.0274,Medium,1,1.748,Medium,0,5987
IL6ST,hsa-miR-10400-3p,0.0635045915842056,0.0258,Medium,2,3.8,High,0,5987
IL6ST,hsa-miR-6512-3p,0.060689553618431,0.0281,Medium,1,5.696,High,0,5987
