gene,miRNA,category,common_score,relative_range,specificity_margin,specific_sample,n_sites,raw_blood,relative_blood,site_coverage_blood,coverage_dependence_blood,raw_heart,relative_heart,site_coverage_heart,coverage_dependence_heart,raw_liver,relative_liver,site_coverage_liver,coverage_dependence_liver
MBNL3,hsa-miR-10394-5p,specific,0.0844650566577911,0.0310041233897209,0.0264903753995895,Heart,2,0.0977433398365974,0.031499944627285,4.622,Medium,0.1329768896102905,0.0579903200268745,1.332,High,0.0844650566577911,0.0269861966371536,0.021,Low
MBNL3,hsa-miR-2115-3p,specific,0.0859432443976402,0.0284963250160217,0.0243049040436744,Blood,1,0.1190126836299896,0.0527692884206771,5.887,High,0.0992595329880714,0.0242729634046554,1.662,Low,0.0859432443976402,0.0284643843770027,0.003,Low
MBNL3,hsa-miR-132-5p,specific,0.0687359571456909,0.0246917605400085,0.0242988541722297,Blood,1,0.1021922528743743,0.0359488576650619,5.671,Medium,0.0866365730762481,0.0116500034928321,4.371,Low,0.0687359571456909,0.0112570971250534,0.093,Low
MBNL3,hsa-miR-6802-5p,specific,0.0569378025829792,0.0231425762176513,0.0229772441089153,Blood,1,0.0886795818805694,0.022436186671257,5.781,Medium,0.0742801800370216,-0.0007063895463943,3.941,Low,0.0569378025829792,-0.0005410574376583,0.12,Low
MBNL3,hsa-miR-194-3p,specific,0.0632370635867118,0.022859588265419,0.0224440619349479,Blood,1,0.0944456607103347,0.0282022655010223,6.144,Medium,0.0803292468190193,0.0053426772356033,3.933,Low,0.0632370635867118,0.0057582035660743,0.098,Low
MBNL3,hsa-miR-1912-5p,specific,0.0644174963235855,0.0251356735825538,0.0215826481580734,Heart,1,0.06962900608778,0.0033856108784675,5.727,Low,0.1035078540444374,0.0285212844610214,3.861,High,0.0644174963235855,0.0069386363029479,0.108,Low
MBNL3,hsa-miR-5010-5p,specific,0.0463985279202461,0.0272710844874382,0.0207798406481742,Blood,1,0.0824341475963592,0.0161907523870468,6.144,High,0.0703974813222885,-0.0045890882611274,2.975,Medium,0.0463985279202461,-0.0110803321003913,0.049,Low
MBNL3,hsa-miR-5591-5p,specific,0.0453543290495872,0.0210370197892189,0.0196326524019241,Blood,1,0.0737515166401863,0.0075081214308738,5.907,Medium,0.0614576712250709,-0.013528898358345,3.967,Low,0.0453543290495872,-0.0121245309710502,0.117,Low
MBNL3,hsa-miR-5584-5p,specific,0.0469049140810966,0.0245995223522186,0.0193643644452095,Heart,1,0.0609046071767807,-0.0053387880325317,6.786,Low,0.0890121459960937,0.0140255764126777,4.349,High,0.0469049140810966,-0.0105739459395408,0.132,Low
MBNL3,hsa-miR-328-5p,specific,0.0484410598874092,0.0341098383069038,0.0191895514726638,Heart,1,0.0721258819103241,0.0058824867010116,5.97,Medium,0.1000586077570915,0.0250720381736755,4.737,High,0.0484410598874092,-0.0090378001332283,0.114,Low
MBNL3,hsa-miR-6885-5p,specific,0.0437504798173904,0.0340557768940925,0.0181285068392753,Heart,1,0.0684422850608825,0.0021988898515701,5.97,Medium,0.0953139662742614,0.0203273966908454,4.737,High,0.0437504798173904,-0.013728380203247,0.114,Low
MBNL3,hsa-miR-525-5p,specific,0.0584284514188766,0.0238547772169113,0.0175261944532394,Heart,1,0.0735215693712234,0.007278174161911,5.82,Low,0.0997909381985664,0.0248043686151504,4.379,High,0.0584284514188766,0.0009495913982391,0.106,Low
MBNL3,hsa-miR-3912-5p,specific,0.0597434304654598,0.0222983695566654,0.0160075724124908,Heart,1,0.0747987627983093,0.0085553675889968,5.34,Low,0.0995495095849037,0.0245629400014877,4.139,High,0.0597434304654598,0.0022645704448223,0.081,Low
MBNL3,hsa-miR-3126-3p,specific,0.0627160891890525,0.0239160358905792,0.0159336775541305,Heart,1,0.0794629827141761,0.0132195875048637,5.103,Low,0.1041398346424102,0.0291532650589942,4.192,High,0.0627160891890525,0.005237229168415,0.056,Low
MBNL3,hsa-miR-5047,specific,0.0790270641446113,0.0187436565756797,0.0157231613993644,Blood,1,0.1035147607326507,0.0372713655233383,4.774,Medium,0.0935142785310745,0.0185277089476585,2.717,Low,0.0790270641446113,0.0215482041239738,0.014,Low
MBNL3,hsa-miR-4662a-5p,specific,0.0374167598783969,0.0182775445282459,0.0153813995420932,Heart,1,0.0490774400532245,-0.0171659551560878,6.848,Low,0.0732020139694213,-0.0017845556139945,4.284,High,0.0374167598783969,-0.0200621001422405,0.126,Low
MBNL3,hsa-miR-1233-5p,specific,0.0617692731320858,0.0177354626357555,0.0151190906763076,Blood,1,0.0882692709565162,0.0220258757472038,6.141,Medium,0.0818933546543121,0.0069067850708961,3.922,Medium,0.0617692731320858,0.0042904131114482,0.096,Low
MBNL3,hsa-miR-7153-5p,specific,0.0556836314499378,0.0170507244765758,0.0146837085485458,Blood,1,0.0814988911151886,0.0152554959058761,6.733,Medium,0.0755583569407463,0.0005717873573303,3.942,Medium,0.0556836314499378,-0.0017952285706996,0.073,Low
MBNL3,hsa-miR-942-5p,specific,0.0981126353144645,0.0431144386529922,0.0145015195012092,Heart,1,0.1354900896549224,0.06924669444561,6.504,High,0.1587347835302353,0.0837482139468193,3.128,High,0.0981126353144645,0.040633775293827,0.073,Low
MBNL3,hsa-miR-1243,specific,0.0731957331299781,0.0217446833848953,0.014447197318077,Heart,1,0.0892577543854713,0.0230143591761589,5.438,Medium,0.1124481260776519,0.0374615564942359,3.861,High,0.0731957331299781,0.0157168731093406,0.038,Low
MBNL3,hsa-miR-4478,specific,0.0558065026998519,0.0165940821170806,0.0142833366990089,Blood,2,0.0811651200056076,0.0149217247962951,6.102,Medium,0.0756249576807022,0.0006383880972862,3.568,Medium,0.0558065026998519,-0.0016723573207855,0.081,Low
MBNL3,hsa-miR-641,specific,0.0402133949100971,0.0264760963618755,0.0141459666192531,Heart,1,0.0613080598413944,-0.004935335367918,4.224,Medium,0.0841972008347511,0.0092106312513351,4.738,High,0.0402133949100971,-0.0172654651105403,0.022,Low
MBNL3,hsa-miR-6801-5p,specific,0.0495526082813739,0.0171948708593845,0.0134697556495666,Blood,1,0.0755120143294334,0.009268619120121,6.545,Medium,0.0707854330539703,-0.0042011365294456,4.156,Medium,0.0495526082813739,-0.0079262517392635,0.113,Low
MBNL3,hsa-miR-4687-3p,specific,0.0653540194034576,0.0167491883039474,0.0132787749171257,Blood,2,0.09086774289608,0.0246243476867675,4.191,Medium,0.0863321423530578,0.0113455727696418,1.627,Medium,0.0653540194034576,0.0078751593828201,0.061,Low
MBNL3,hsa-miR-6734-5p,specific,0.0815021693706512,0.0145304277539253,0.0130762830376625,Heart,1,0.0917208492755889,0.0254774540662765,5.438,Medium,0.113540306687355,0.038553737103939,1.881,High,0.0815021693706512,0.0240233093500137,0.067,Low
MBNL3,hsa-miR-10393-3p,specific,0.0695535838603973,0.0193800702691078,0.0127381160855293,Heart,1,0.0849600732326507,0.0187166780233383,6.04,Low,0.1064413636922836,0.0314547941088676,3.994,High,0.0695535838603973,0.0120747238397598,0.114,Low
MBNL3,hsa-miR-6501-5p,specific,0.0679741129279136,0.0156712010502815,0.0124730318784713,Blood,1,0.0892116799950599,0.0229682847857475,4.713,Medium,0.0822836533188819,0.007297083735466,2.253,Low,0.0679741129279136,0.0104952529072761,0.012,Low
MBNL3,hsa-miR-766-5p,specific,0.0672250315546989,0.0172734260559082,0.0121881365776062,Blood,2,0.08817770332098,0.0219343081116676,5.927,Medium,0.0796474516391754,0.0046608820557594,2.224,Low,0.0672250315546989,0.0097461715340614,0.065,Low
MBNL3,hsa-miR-3929,specific,0.0689821615815162,0.0256413072347641,0.0120411291718482,Blood,2,0.1033880040049552,0.0371446087956428,6.19,High,0.1000900492072105,0.0251034796237945,3.348,High,0.0689821615815162,0.0115033015608787,0.075,Low
MBNL3,hsa-miR-4469,specific,0.0502666272222995,0.0356822796165943,0.0120197832584381,Heart,2,0.0826936587691307,0.0164502635598182,4.995,Medium,0.1034566164016723,0.0284700468182563,1.212,High,0.0502666272222995,-0.0072122327983379,0.028,Low
MBNL3,hsa-miR-6726-5p,specific,0.0649488568305969,0.0154582262039184,0.0116425231099128,Heart,1,0.0775290951132774,0.0112856999039649,5.914,Low,0.0979147925972938,0.0229282230138778,3.968,High,0.0649488568305969,0.0074699968099594,0.117,Low
MBNL3,hsa-miR-8075,specific,0.066657967865467,0.0178882479667663,0.0114692598581314,Blood,1,0.0868917629122734,0.0206483677029609,5.682,Medium,0.0777466893196106,0.0027601197361946,1.928,Low,0.066657967865467,0.0091791078448295,0.028,Low
MBNL3,hsa-miR-2116-3p,specific,0.0550847686827182,0.0158736258745193,0.0113636739552021,Liver,1,0.0550847686827182,-0.0111586265265941,5.6,Low,0.0593179911375045,-0.0156685784459114,1.771,Low,0.0576839074492454,0.0002050474286079,0.043,Low
MBNL3,hsa-miR-3174,specific,0.0562323629856109,0.01561189442873,0.0109430477023124,Blood,1,0.0759399458765983,0.0096965506672859,4.733,Medium,0.0690712258219719,-0.005915343761444,1.904,Low,0.0562323629856109,-0.0012464970350265,0.019,Low
MBNL3,hsa-miR-6815-5p,specific,0.0653807073831558,0.0128133818507194,0.0108747631311416,Heart,1,0.0760838612914085,0.0098404660820961,5.795,Low,0.0957017987966537,0.0207152292132377,3.944,High,0.0653807073831558,0.0079018473625183,0.119,Low
MBNL3,hsa-miR-12120,specific,0.0649989768862724,0.0135209709405899,0.0107876881957054,Liver,1,0.0649989768862724,-0.00124441832304,5.796,Low,0.0710088685154914,-0.0039777010679244,2.025,Low,0.0670221298933029,0.0095432698726654,0.065,Low
MBNL3,hsa-miR-6778-5p,specific,0.0673596113920211,0.0166281908750534,0.0102653503417968,Blood,2,0.0863894969224929,0.0201461017131805,6.019,Medium,0.0785044804215431,0.0035179108381271,3.944,Low,0.0673596113920211,0.0098807513713836,0.107,Low
MBNL3,hsa-miR-12118,specific,0.0780395865440368,0.0113792791962623,0.0101663321256637,Heart,2,0.0855911746621131,0.0193477794528007,5.92,Medium,0.1057136282324791,0.0307270586490631,2.221,High,0.0780395865440368,0.0205607265233993,0.066,Low
MBNL3,hsa-miR-593-5p,specific,0.0648261755704879,0.0120904222130775,0.0101225525140762,Liver,1,0.0648261755704879,-0.0014172196388244,5.719,Low,0.0716014802455902,-0.0033850893378257,0.871,Low,0.0661841928958892,0.0087053328752517,0.021,Low
MBNL3,hsa-miR-3928-3p,specific,0.0607902891933918,0.0153800919651985,0.0101095996797084,Blood,2,0.0796644240617752,0.0134210288524627,5.931,Medium,0.0730275064706802,-0.0019590631127357,2.217,Low,0.0607902891933918,0.0033114291727542,0.065,Low
MBNL3,hsa-miR-486-5p,specific,0.1100634410977363,0.0118117332458496,0.0099513381719589,Liver,1,0.1100634410977363,0.0438200458884239,6.937,Medium,0.1206670105457305,0.0456804409623146,0.507,Medium,0.113110639154911,0.0556317791342735,0.05,Medium
MBNL3,hsa-miR-877-3p,specific,0.0484322495758533,0.0111219808459281,0.0099026896059513,Blood,1,0.0670994743704795,0.0008560791611671,5.756,Medium,0.0647206678986549,-0.010265901684761,3.761,Low,0.0484322495758533,-0.0090466104447841,0.089,Low
MBNL3,hsa-miR-6867-5p,specific,0.0542718470096588,0.0145736783742904,0.0098500624299049,Heart,1,0.0677599981427192,0.0015166029334068,6.081,Low,0.0863532349467277,0.0113666653633117,2.871,High,0.0542718470096588,-0.0032070130109786,0.05,Low
MBNL3,hsa-miR-3124-3p,specific,0.0652081966400146,0.0099585503339767,0.0096817314624786,Liver,1,0.0652081966400146,-0.0010351985692977,7.444,Low,0.0742281898856163,-0.0007583796977996,0.745,Medium,0.0664022117853164,0.0089233517646789,0.037,Low
MBNL3,hsa-miR-2276-5p,specific,0.0612557083368301,0.0099928006529808,0.0096571072936058,Liver,1,0.0612557083368301,-0.0049876868724823,6.937,Low,0.0703345760703086,-0.0046519935131073,0.507,Medium,0.062483973801136,0.0050051137804985,0.05,Low
MBNL3,hsa-miR-484,specific,0.0786027833819389,0.0113290175795555,0.009570837020874,Liver,1,0.0786027833819389,0.0123593881726264,6.937,Low,0.0891041383147239,0.0141175687313079,0.507,Medium,0.0811672657728195,0.023688405752182,0.05,Low
MBNL3,hsa-miR-4656,specific,0.0531999766826629,0.0101794376969337,0.0095531120896339,Heart,1,0.0625908374786377,-0.0036525577306747,6.786,Low,0.0808871239423751,0.0059005543589591,4.349,Medium,0.0531999766826629,-0.0042788833379745,0.132,Low
MBNL3,hsa-miR-6884-5p,specific,0.0705171674489975,0.0172839388251304,0.0095418542623519,Blood,1,0.0888235569000244,0.0225801616907119,6.135,Medium,0.0802827924489975,0.0052962228655815,3.902,Low,0.0705171674489975,0.0130383074283599,0.093,Low
MBNL3,hsa-miR-339-5p,specific,0.0684687122702598,0.0103095844388008,0.0095321238040924,Liver,1,0.0684687122702598,0.0022253170609474,6.952,Low,0.0779893472790718,0.0030027776956558,0.516,Medium,0.0700137615203857,0.0125349014997482,0.054,Low
MBNL3,hsa-miR-6774-5p,specific,0.0662287846207618,0.0102365314960479,0.0093344077467918,Liver,1,0.0662287846207618,-1.4610588550567629e-05,6.248,Low,0.0740698352456092,-0.0009167343378067,0.771,Medium,0.0667986571788787,0.0093197971582412,0.056,Low
MBNL3,hsa-miR-1909-3p,specific,0.0648556724190712,0.0101972967386245,0.0092528983950614,Liver,1,0.0648556724190712,-0.0013877227902412,7.199,Low,0.0745432451367378,-0.0004433244466781,0.976,Medium,0.0662884339690208,0.0088095739483833,0.089,Low
MBNL3,hsa-miR-4513,specific,0.0687110722064971,0.0098460167646408,0.0092168301343917,Liver,1,0.0687110722064971,0.0024676769971847,7.553,Low,0.0768250599503517,0.0018384903669357,0.654,Medium,0.069163367152214,0.0116845071315765,0.02,Low
MBNL3,hsa-miR-3934-3p,specific,0.0699327886104583,0.0092698037624359,0.0090916007757186,Liver,1,0.0699327886104583,0.0036893934011459,6.679,Low,0.0788541659712791,0.0038675963878631,1.274,Medium,0.0704380571842193,0.0129591971635818,0.082,Low
MBNL3,hsa-miR-515-5p,specific,0.064782053232193,0.0119836926460266,0.0090849325060844,Liver,1,0.064782053232193,-0.0014613419771194,6.937,Low,0.0706264674663543,-0.0043601021170616,0.507,Low,0.0651024505496025,0.0076235905289649,0.05,Low
MBNL3,hsa-miR-4783-3p,specific,0.0630431175231933,0.0177484601736068,0.0090642869472503,Blood,1,0.0895561128854751,0.0233127176761627,5.547,High,0.0892350003123283,0.0142484307289123,2.798,High,0.0630431175231933,0.0055642575025558,0.041,Low
MBNL3,hsa-miR-6780a-5p,specific,0.0546244569122791,0.0248057879507541,0.0089226365089416,Blood,1,0.0881947800517082,0.0219513848423957,6.139,Medium,0.0880153179168701,0.0130287483334541,3.915,Medium,0.0546244569122791,-0.0028544031083583,0.095,Low
MBNL3,hsa-miR-4663,specific,0.0604968667030334,0.0103801637887954,0.0088666304945945,Liver,1,0.0604968667030334,-0.0057465285062789,5.619,Low,0.0677265077829361,-0.0072600618004798,0.613,Medium,0.060598962008953,0.0031201019883155,0.02,Low
MBNL3,hsa-miR-920,specific,0.0592920072376728,0.0130780152976512,0.0088378712534904,Heart,1,0.0722966864705085,0.0060532912611961,5.914,Low,0.0898777320981025,0.0148911625146865,3.968,High,0.0592920072376728,0.0018131472170352,0.117,Low
MBNL3,hsa-miR-9851-3p,specific,0.067408949136734,0.009672425687313,0.0088348537683486,Liver,1,0.067408949136734,0.0011655539274215,5.719,Low,0.0769896954298019,0.0020031258463859,0.871,Medium,0.0683168396353721,0.0108379796147346,0.021,Low
MBNL3,hsa-miR-4661-5p,specific,0.0844318121671676,0.0091428682208061,0.0088342875242233,Liver,1,0.0844318121671676,0.0181884169578552,6.739,Low,0.093483567237854,0.018496997654438,1.278,Medium,0.0848101451992988,0.0273312851786613,0.082,Low
MBNL3,hsa-miR-3677-5p,specific,0.0662433952093124,0.0092217698693275,0.0087921023368835,Liver,1,0.0662433952093124,0.0,5.782,Low,0.0745569020509719,-0.000429667532444,0.935,Medium,0.066270962357521,0.0087921023368835,0.03,Low
MBNL3,hsa-miR-515-3p,specific,0.0435697585344314,0.0122086778283119,0.0087766274809837,Blood,1,0.0645429715514183,-0.0017004236578941,5.444,Medium,0.0645095184445381,-0.0104770511388778,1.72,Medium,0.0435697585344314,-0.013909101486206,0.012,Low
MBNL3,hsa-miR-5693,specific,0.0634828060865402,0.0106738954782485,0.0087335109710693,Liver,1,0.0635138303041458,-0.0027295649051666,5.753,Low,0.0703166201710701,-0.0046699494123458,0.905,Medium,0.0634828060865402,0.0060039460659027,0.026,Low
MBNL3,hsa-miR-4763-3p,specific,0.0572805665433406,0.0091422609984874,0.0087290555238723,Liver,1,0.0573160462081432,-0.0089273490011692,7.143,Low,0.0656460151076316,-0.0093405544757843,0.979,Medium,0.0572805665433406,-0.0001982934772968,0.09,Low
MBNL3,hsa-miR-3689a-3p,specific,0.048221368342638,0.0189360119402408,0.0087205022573471,Blood,1,0.0759219154715538,0.0096785202622413,6.14,Medium,0.0759445875883102,0.0009580180048942,3.92,Medium,0.048221368342638,-0.0092574916779994,0.096,Low
MBNL3,hsa-miR-3689b-3p,specific,0.0507753863930702,0.0199064835906028,0.0087037980556488,Blood,1,0.079446405172348,0.0132030099630355,6.14,High,0.0794857814908027,0.0044992119073867,3.92,High,0.0507753863930702,-0.0067034736275672,0.096,Low
MBNL3,hsa-miR-3689c,specific,0.0507753863930702,0.0199064835906028,0.0087037980556488,Blood,1,0.079446405172348,0.0132030099630355,6.14,High,0.0794857814908027,0.0044992119073867,3.92,High,0.0507753863930702,-0.0067034736275672,0.096,Low
MBNL3,hsa-miR-6854-5p,specific,0.0651067718863487,0.0112029835581779,0.0087007582187652,Liver,1,0.0651705488562583,-0.001072846353054,6.739,Low,0.0714114978909492,-0.0035750716924667,1.278,Medium,0.0651067718863487,0.0076279118657112,0.082,Low
MBNL3,hsa-miR-635,specific,0.0654782652854919,0.011040985584259,0.0086731165647506,Liver,1,0.0655696839094162,-0.0006737112998962,6.249,Low,0.0719449892640113,-0.0030415803194046,0.771,Medium,0.0654782652854919,0.0079994052648544,0.057,Low
MBNL3,hsa-miR-18b-3p,specific,0.0680589228868484,0.009512148797512,0.0086098834872245,Liver,1,0.0680589228868484,0.001815527677536,5.799,Low,0.0777043625712394,0.0027177929878234,0.951,Medium,0.0688065364956855,0.011327676475048,0.033,Low
MBNL3,hsa-miR-342-3p,specific,0.0673085153102874,0.0138773769140243,0.0086087435483932,Blood,1,0.0899504274129867,0.0237070322036743,5.44,Medium,0.090084858238697,0.015098288655281,2.895,Medium,0.0673085153102874,0.0098296552896499,0.083,Low
MBNL3,hsa-miR-663b,specific,0.0615188367664814,0.0097679831087589,0.0085130557417869,Liver,1,0.0615188367664814,-0.004724558442831,5.769,Low,0.0715169385075569,-0.003469631075859,0.921,Medium,0.0625222846865654,0.0050434246659278,0.028,Low
MBNL3,hsa-miR-764,specific,0.0606237910687923,0.0091641917824745,0.0084888897836208,Liver,2,0.0606237910687923,-0.00561960414052,7.176,Low,0.0700422674417495,-0.0049443021416664,1.11,Medium,0.0610234476625919,0.0035445876419544,0.077,Low
MBNL3,hsa-miR-4691-5p,specific,0.0757614076137542,0.0094292610883712,0.0083945244550704,Liver,1,0.0757614076137542,0.0095180124044418,7.444,Low,0.0855393186211586,0.0105527490377426,0.745,Medium,0.0764261335134506,0.0189472734928131,0.037,Low
MBNL3,hsa-miR-6765-5p,specific,0.0635324716567993,0.008510947227478,0.0083131268620491,Liver,1,0.0639838799834251,-0.0022595152258872,7.513,Low,0.0725292339920997,-0.0024573355913162,0.611,Medium,0.0635324716567993,0.0060536116361618,0.035,Low
MBNL3,hsa-miR-520a-3p,specific,0.0720254704356193,0.0089430585503578,0.0083053782582283,Liver,1,0.0720254704356193,0.0057820752263069,6.964,Low,0.0814063251018524,0.0064197555184364,0.523,Medium,0.0722039937973022,0.0147251337766647,0.056,Low
MBNL3,hsa-miR-5000-3p,specific,0.0727240070700645,0.009611390531063,0.0082771629095077,Liver,1,0.0732113793492317,0.0069679841399192,5.708,Low,0.0806203261017799,0.0056337565183639,0.876,Medium,0.0727240070700645,0.015245147049427,0.113,Low
MBNL3,hsa-miR-5581-3p,specific,0.0658784210681915,0.0083313062787055,0.0082741230726242,Liver,1,0.0663116499781608,6.825476884841919e-05,6.638,Low,0.0751120075583458,0.0001254379749298,0.463,Medium,0.0658784210681915,0.008399561047554,0.05,Low
MBNL3,hsa-miR-1301-3p,specific,0.0670928359031677,0.0310094133019447,0.0081968754529953,Blood,1,0.1068667843937873,0.0406233891844749,4.774,High,0.1074130833148956,0.0324265137314796,2.717,High,0.0670928359031677,0.0096139758825302,0.014,Low
MBNL3,hsa-miR-331-3p,specific,0.0746041908860206,0.0085411965847015,0.0081918984651565,Liver,1,0.074827529489994,0.0085841342806816,6.241,Low,0.0839200019836425,0.0089334324002265,0.775,Medium,0.0746041908860206,0.0171253308653831,0.055,Low
MBNL3,hsa-miR-1182,specific,0.0635633245110511,0.0088297203183174,0.0081610456109046,Liver,1,0.0641668140888214,-0.002076581120491,7.08,Low,0.0722413137555122,-0.0027452558279037,0.983,Medium,0.0635633245110511,0.0060844644904136,0.092,Low
MBNL3,hsa-miR-6722-3p,specific,0.0575332976877689,0.0081168711185455,0.0080852471292018,Liver,1,0.0581809617578983,-0.0080624334514141,7.146,Low,0.0669557601213455,-0.0080308094620704,0.979,Medium,0.0575332976877689,5.443766713142395e-05,0.09,Low
MBNL3,hsa-miR-215-3p,specific,0.0679469257593154,0.0086648166179656,0.0080851018428802,Liver,1,0.0686263591051101,0.0023829638957977,7.813,Low,0.0767898187041282,0.0018032491207122,0.612,Medium,0.0679469257593154,0.0104680657386779,0.023,Low
MBNL3,hsa-miR-6748-3p,specific,0.0663042142987251,0.0098126083612442,0.0080751776695251,Liver,1,0.0663042142987251,6.081908941268921e-05,6.952,Low,0.0767848193645477,0.0017982497811317,0.516,Medium,0.0673522874712944,0.0098734274506568,0.054,Low
MBNL3,hsa-miR-7112-5p,specific,0.0521128214895725,0.0142687410116195,0.0080580525100231,Blood,1,0.0689354091882705,0.0026920139789581,4.897,Medium,0.0634098425507545,-0.0115767270326614,2.615,Low,0.0521128214895725,-0.0053660385310649,0.078,Low
MBNL3,hsa-miR-1266-3p,specific,0.0604455024003982,0.008178923279047,0.0080373585224151,Liver,1,0.0610311143100261,-0.0052122808992862,6.961,Low,0.0699158534407615,-0.0050707161426544,0.522,Medium,0.0604455024003982,0.0029666423797607,0.055,Low
MBNL3,hsa-miR-6837-3p,specific,0.077416606247425,0.0096988752484321,0.0080089941620826,Liver,1,0.077416606247425,0.0111732110381126,7.764,Low,0.0878496617078781,0.0128630921244621,0.943,Medium,0.0783509463071823,0.0208720862865448,0.071,Low
MBNL3,hsa-miR-3188,specific,0.0787649527192115,0.0082842484116554,0.0080078393220901,Liver,1,0.079245239496231,0.0130018442869186,6.661,Low,0.0882648229598999,0.0132782533764839,0.773,Medium,0.0787649527192115,0.021286092698574,0.084,Low
MBNL3,hsa-miR-6797-5p,specific,0.0596804656088352,0.0127580873668193,0.0079781673848629,Liver,1,0.0604668334126472,-0.0057765617966651,6.973,Low,0.0644300878047943,-0.0105564817786216,0.294,Low,0.0596804656088352,0.0022016055881977,0.035,Low
MBNL3,hsa-miR-4728-5p,specific,0.0619518123567104,0.0112775601446628,0.0079153515398502,Liver,1,0.0628009960055351,-0.0034423992037773,6.973,Low,0.068181961774826,-0.0068046078085899,0.294,Medium,0.0619518123567104,0.0044729523360729,0.035,Low
MBNL3,hsa-miR-6849-5p,specific,0.0678157582879066,0.0087868049740791,0.0078975707292556,Liver,1,0.0686827227473259,0.0024393275380134,5.31,Low,0.0765366628766059,0.00155009329319,0.521,Medium,0.0678157582879066,0.0103368982672691,0.01,Low
MBNL3,hsa-miR-24-3p,specific,0.0863340497016906,0.0093200802803039,0.0078770145773887,Liver,1,0.0872215703129768,0.0209781751036643,6.068,Low,0.0945216789841651,0.0195351094007492,0.425,Medium,0.0863340497016906,0.0288551896810531,0.072,Low
MBNL3,hsa-miR-6825-5p,specific,0.0665162652730941,0.0083750337362289,0.0078212395310401,Liver,1,0.0674595609307289,0.0012161657214164,6.973,Low,0.0756489410996437,0.0006623715162277,0.294,Medium,0.0665162652730941,0.0090374052524566,0.035,Low
MBNL3,hsa-miR-587,specific,0.0607209987938404,0.0087657012045383,0.0078125894069671,Liver,1,0.0616729445755481,-0.0045704506337642,5.839,Low,0.0694630071520805,-0.0055235624313354,0.824,Medium,0.0607209987938404,0.0032421387732028,0.079,Low
MBNL3,hsa-miR-6798-5p,specific,0.0550042018294334,0.0089892297983169,0.0077971443533897,Liver,1,0.0559715926647186,-0.0102718025445938,7.229,Low,0.0635226815938949,-0.011463887989521,0.974,Medium,0.0550042018294334,-0.002474658191204,0.088,Low
MBNL3,hsa-miR-6888-5p,specific,0.0673137009143829,0.0102019011974334,0.0077369958162307,Liver,1,0.068341240286827,0.0020978450775146,5.872,Low,0.0746195092797279,-0.000367060303688,0.446,Medium,0.0673137009143829,0.0098348408937454,0.071,Low
MBNL3,hsa-miR-6872-3p,specific,0.0685689151287078,0.0100087672472,0.0077232643961906,Liver,1,0.0685689151287078,0.0023255199193954,6.599,Low,0.0795975923538208,0.0046110227704048,0.449,Medium,0.0698131471872329,0.0123342871665954,0.05,Low
MBNL3,hsa-miR-3688-3p,specific,0.075470320880413,0.008999228477478,0.0077057629823684,Liver,1,0.0765290930867195,0.010285697877407,7.963,Low,0.0839788019657135,0.0089922323822975,1.171,Medium,0.075470320880413,0.0179914608597755,2.694,Low
MBNL3,hsa-miR-150-5p,specific,0.0820401534438133,0.0087719410657882,0.007679134607315,Liver,1,0.0820401534438133,0.0157967582345008,6.204,Low,0.09187613427639,0.016889564692974,0.41,Medium,0.0820475593209266,0.0245686993002891,0.073,Low
MBNL3,hsa-miR-4804-3p,specific,0.048988226801157,0.0189595632255077,0.0076580420136451,Blood,1,0.0767123252153396,0.0104689300060272,5.76,Medium,0.077797457575798,0.002810887992382,3.745,Medium,0.048988226801157,-0.0084906332194805,0.086,Low
MBNL3,hsa-miR-9902,specific,0.0824639201164245,0.0092391967773437,0.0076547414064407,Liver,1,0.0835737138986587,0.0173303186893463,5.56,Low,0.0907324329018592,0.0157458633184433,0.908,Medium,0.0824639201164245,0.024985060095787,0.093,Low
MBNL3,hsa-miR-3173-3p,specific,0.0642383620142936,0.0126375332474708,0.0076463520526885,Liver,1,0.06535654515028,-0.0008868500590324,6.362,Low,0.0691085383296012,-0.0058780312538146,0.728,Low,0.0642383620142936,0.0067595019936561,0.091,Low
MBNL3,hsa-miR-188-3p,specific,0.0602522864937782,0.0082459151744842,0.0076189562678337,Liver,1,0.0613978654146194,-0.0048455297946929,6.4,Low,0.0695140808820724,-0.0054724887013435,0.69,Medium,0.0602522864937782,0.0027734264731407,0.085,Low
MBNL3,hsa-miR-6721-5p,specific,0.0703451931476593,0.0077965408563613,0.0075456723570823,Liver,1,0.0715640559792518,0.0053206607699394,7.166,Low,0.0800563618540763,0.0050697922706604,0.978,Medium,0.0703451931476593,0.0128663331270217,0.09,Low
MBNL3,hsa-miR-3150a-3p,specific,0.0617901347577571,0.0077112652361392,0.0075316615402698,Liver,1,0.0630230084061622,-0.0032203868031501,6.973,Low,0.0715865790843963,-0.0033999904990196,0.294,Medium,0.0617901347577571,0.0043112747371196,0.035,Low
MBNL3,hsa-miR-6810-5p,specific,0.0598573237657547,0.0191830918192863,0.0075248479843139,Blood,1,0.0878049507737159,0.0215615555644035,3.493,Medium,0.0890232771635055,0.0140367075800895,4.731,Medium,0.0598573237657547,0.0023784637451171,0.0,Low
MBNL3,hsa-miR-452-5p,specific,0.0756656900048255,0.0104348212480545,0.0075036510825157,Liver,1,0.0769265741109848,0.0106831789016723,7.751,Low,0.0827385783195495,0.0077520087361335,0.914,Medium,0.0756656900048255,0.018186829984188,0.07,Low
MBNL3,hsa-miR-6131,specific,0.0701999366283416,0.0170365199446678,0.0074299648404121,Blood,1,0.0863944366574287,0.0201510414481163,6.545,Low,0.0781010910868644,0.0031145215034484,4.156,Low,0.0701999366283416,0.0127210766077041,0.113,Low
MBNL3,hsa-miR-485-5p,specific,0.0747807249426841,0.0143080651760101,0.007415235042572,Blood,1,0.0909604951739311,0.0247170999646186,6.254,Low,0.0853956043720245,0.0104090347886085,2.698,Low,0.0747807249426841,0.0173018649220466,0.054,Low
MBNL3,hsa-miR-6794-5p,specific,0.0584848225116729,0.0077197179198265,0.0073665827512741,Liver,2,0.0598827749490737,-0.0063606202602386,6.311,Low,0.0682728141546249,-0.006713755428791,1.429,Medium,0.0584848225116729,0.0010059624910354,0.078,Low
MBNL3,hsa-miR-4722-5p,specific,0.0604138299822807,0.0077413916587829,0.0072338804602622,Liver,1,0.0619444847106933,-0.004298910498619,6.415,Low,0.0701801478862762,-0.0048064216971397,0.683,Medium,0.0604138299822807,0.0029349699616432,0.087,Low
MBNL3,hsa-miR-302c-3p,specific,0.0636102110147476,0.0072392746806144,0.0072317570447921,Liver,2,0.065135471522808,-0.0011079236865043,6.296,Low,0.0738861635327339,-0.001100406050682,1.326,Medium,0.0636102110147476,0.0061313509941101,0.05,Low
MBNL3,hsa-miR-6842-3p,specific,0.0663196966052055,0.0090636685490608,0.0072308778762817,Liver,2,0.0663196966052055,7.630139589309692e-05,6.821,Low,0.0768956616520881,0.0019090920686721,2.649,Medium,0.0666188299655914,0.0091399699449539,0.583,Low
MBNL3,hsa-miR-328-3p,specific,0.0754122212529182,0.0109179317951202,0.0071649998426437,Liver,1,0.0754122212529182,0.0091688260436058,5.783,Low,0.0879083275794982,0.0129217579960823,0.935,Medium,0.0775656178593635,0.020086757838726,0.03,Low
MBNL3,hsa-miR-3136-5p,specific,0.0710117742419242,0.0087925940752029,0.0071280375123023,Liver,1,0.0726482719182968,0.0064048767089843,7.53,Low,0.0797268897294998,0.0047403201460838,0.64,Medium,0.0710117742419242,0.0135329142212867,0.02,Low
MBNL3,hsa-miR-6795-5p,specific,0.0576488375663757,0.0219567492604255,0.0070101097226142,Blood,1,0.0883701220154762,0.0221267268061637,6.12,Medium,0.0901031866669654,0.0151166170835495,2.935,Medium,0.0576488375663757,0.0001699775457382,0.049,Low
MBNL3,hsa-miR-660-3p,specific,0.0758822113275528,0.0076968893408775,0.0069269388914108,Liver,1,0.0769498571753501,0.0107064619660377,6.328,Low,0.0864629819989204,0.0114764124155044,1.247,Medium,0.0758822113275528,0.0184033513069152,0.082,Low
MBNL3,hsa-miR-11181-3p,specific,0.0512341633439064,0.0148275978863239,0.0069185346364974,Blood,1,0.0669172331690788,0.0006738379597663,5.717,Low,0.0608328096568584,-0.0141537599265575,1.983,Low,0.0512341633439064,-0.0062446966767311,0.028,Low
MBNL3,hsa-miR-6891-5p,specific,0.0677007436752319,0.0078012123703956,0.0068566724658012,Liver,1,0.0696086063981056,0.0033652111887931,6.354,Low,0.0774072408676147,0.0024206712841987,0.735,Medium,0.0677007436752319,0.0102218836545944,0.091,Low
MBNL3,hsa-miR-6887-5p,specific,0.068656601011753,0.0148271322250366,0.0065958574414253,Blood,1,0.0840169936418533,0.0177735984325408,6.102,Low,0.0779330357909202,0.0029464662075042,2.906,Low,0.068656601011753,0.0111777409911155,0.049,Low
MBNL3,hsa-miR-374c-3p,specific,0.0718258693814277,0.0079635009169578,0.0065399333834648,Liver,1,0.0740504711866378,0.0078070759773254,5.782,Low,0.0813700780272483,0.0063835084438323,0.596,Medium,0.0718258693814277,0.0143470093607902,0.044,Low
MBNL3,hsa-miR-6807-5p,specific,0.0592053085565567,0.009183719754219,0.0064719915390014,Liver,1,0.0614978522062301,-0.0047455430030822,7.961,Low,0.0675292983651161,-0.0074572712182998,0.736,Medium,0.0592053085565567,0.0017264485359191,0.018,Low
MBNL3,hsa-miR-4736,specific,0.0544934421777725,0.0074000060558319,0.0064511746168136,Liver,1,0.0568068027496337,-0.0094365924596786,7.442,Low,0.064601145684719,-0.0103854238986969,1.329,Medium,0.0544934421777725,-0.0029854178428649,1.033,Low
MBNL3,hsa-miR-302d-3p,specific,0.0693296119570732,0.0068032518029212,0.0064348950982093,Liver,2,0.0712908953428268,0.0050475001335144,6.296,Low,0.0804024264216423,0.0054158568382263,1.326,Medium,0.0693296119570732,0.0118507519364357,0.05,Low
MBNL3,hsa-miR-302a-3p,specific,0.0664338245987892,0.0065831020474433,0.0064200535416603,Liver,1,0.0686152577400207,0.0023718625307083,6.964,Low,0.0775214806199073,0.0025349110364913,0.523,Medium,0.0664338245987892,0.0089549645781517,0.056,Low
MBNL3,hsa-miR-2392,specific,0.0674600005149841,0.0067916959524154,0.0063856765627861,Liver,1,0.0698388591408729,0.0035954639315605,6.852,Low,0.0781760141253471,0.0031894445419311,1.158,Medium,0.0674600005149841,0.0099811404943466,0.177,Low
MBNL3,hsa-miR-512-3p,specific,0.0540446452796459,0.0191891379654407,0.0062673687934875,Blood,1,0.0819983184337616,0.0157549232244491,6.254,Medium,0.0844741240143776,0.0094875544309616,2.698,Medium,0.0540446452796459,-0.0034342147409915,0.054,Low
MBNL3,hsa-miR-7106-5p,specific,0.0675342306494712,0.0111872106790542,0.0062659755349159,Blood,1,0.0825647413730621,0.0163213461637496,5.712,Low,0.0801207050681114,0.0051341354846954,1.976,Low,0.0675342306494712,0.0100553706288337,0.028,Low
MBNL3,hsa-miR-1843,specific,0.0735302567481994,0.007962055504322,0.0062364563345909,Liver,1,0.0743327364325523,0.0080893412232398,8.065,Low,0.084801509976387,0.009814940392971,1.191,Medium,0.0735302567481994,0.0160513967275619,2.709,Low
MBNL3,hsa-miR-3064-5p,specific,0.0646582245826721,0.0070848762989044,0.0059993863105773,Liver,1,0.0663378834724426,9.4488263130188e-05,7.442,Low,0.0761665478348732,0.0011799782514572,1.329,Medium,0.0646582245826721,0.0071793645620346,1.033,Low
MBNL3,hsa-miR-302b-3p,specific,0.0673847496509552,0.0065108239650726,0.005962498486042,Liver,1,0.0701867863535881,0.0039433911442756,6.964,Low,0.078381635248661,0.003395065665245,0.523,Medium,0.0673847496509552,0.0099058896303176,0.056,Low
MBNL3,hsa-miR-4693-5p,specific,0.06830645352602,0.0143163651227951,0.0057729482650756,Blood,1,0.0828439369797706,0.0166005417704582,5.58,Low,0.0772707462310791,0.0022841766476631,2.379,Low,0.06830645352602,0.0108275935053825,0.007,Low
MBNL3,hsa-miR-4802-5p,specific,0.0731936693191528,0.0062916949391365,0.005700260400772,Liver,1,0.0762579441070556,0.0100145488977432,8.065,Low,0.0844096839427948,0.0094231143593788,1.191,Medium,0.0731936693191528,0.0157148092985153,2.709,Low
MBNL3,hsa-miR-4318,specific,0.0900984779000282,0.0063189640641212,0.0052298083901405,Liver,1,0.0925440490245819,0.0263006538152694,5.367,Low,0.1023763790726661,0.0273898094892501,0.798,Medium,0.0900984779000282,0.0326196178793907,0.031,Low
MBNL3,hsa-miR-29b-1-5p,specific,0.0492635630071163,0.0204907618463039,0.005167119204998,Heart,1,0.0733517408370971,0.0071083456277847,1.288,Medium,0.0872620344161987,0.0122754648327827,1.156,High,0.0492635630071163,-0.0082152970135211,0.0,Low
MBNL3,hsa-miR-4739,common,0.0600771680474281,0.0043694376945495,0.0,,1,0.0683894604444503,0.0021460652351379,5.714,Low,0.0815020725131034,0.0065155029296875,1.979,Medium,0.0600771680474281,0.0025983080267906,0.028,Low
MBNL3,hsa-miR-3692-3p,common,0.0678671821951866,0.0041219145059585,0.0,,1,0.078038677573204,0.0117952823638916,6.016,Medium,0.0894968062639236,0.0145102366805076,1.773,Medium,0.0678671821951866,0.0103883221745491,0.024,Low
MBNL3,hsa-miR-3160-3p,common,0.0542402416467666,0.0040856525301933,0.0,,1,0.0602638721466064,-0.0059795230627059,5.676,Low,0.0676622986793518,-0.0073242709040641,1.907,Medium,0.0542402416467666,-0.0032386183738708,0.034,Low
MBNL3,hsa-miR-6715b-5p,common,0.0573408156633377,0.0027951523661613,0.0,,1,0.0634155496954917,-0.0028278455138206,5.444,Low,0.0749538764357566,-3.269314765930176e-05,1.72,Medium,0.0573408156633377,-0.0001380443572998,0.012,Low
MBNL3,hsa-miR-6779-5p,common,0.0697966590523719,0.001722790300846,0.0,,1,0.0799843594431877,0.0137409642338752,6.141,Low,0.0890271589159965,0.0140405893325805,3.922,Medium,0.0697966590523719,0.0123177990317344,0.096,Low
MBNL3,hsa-miR-5008-5p,common,0.0573281235992908,0.0012315735220909,0.0,,2,0.0651468932628631,-0.0010965019464492,5.074,Low,0.0751216411590576,0.0001350715756416,1.494,Medium,0.0573281235992908,-0.0001507364213466,0.02,Low
MBNL3,hsa-miR-564,variable,0.049409944564104,0.0090472698211669,0.006826315075159,,1,0.0513481646776199,-0.0148952305316925,5.972,Low,0.0578703843057155,-0.0171161852777004,1.119,Medium,0.049409944564104,-0.0080689154565334,0.082,Low
MBNL3,hsa-miR-302e,variable,0.0489702560007572,0.0064075663685798,0.005171462893486,,1,0.0525633282959461,-0.0136800669133663,6.964,Low,0.0600703991949558,-0.0149161703884601,0.523,Medium,0.0489702560007572,-0.0085086040198802,0.056,Low
MBNL3,hsa-miR-320a-5p,variable,0.0646317824721336,0.0153925418853759,0.004736877977848,,1,0.0887888595461845,0.0225454643368721,6.488,Medium,0.09279515594244,0.017808586359024,3.101,Medium,0.0646317824721336,0.0071529224514961,0.072,Low
MBNL3,hsa-miR-33b-5p,variable,0.04862542450428,0.0207383781671524,0.0045640766620635,,1,0.0735642611980438,0.0073208659887313,3.02,Medium,0.0868715122342109,0.0118849426507949,1.942,High,0.04862542450428,-0.0088534355163574,0.004,Low
MBNL3,hsa-miR-4524a-3p,variable,0.0674180537462234,0.0063652843236923,0.0044629275798797,,2,0.0780849456787109,0.0118415504693984,6.059,Medium,0.0912910476326942,0.0163044780492782,2.055,Medium,0.0674180537462234,0.0099391937255859,0.053,Low
MBNL3,hsa-miR-4649-3p,variable,0.0618470087647438,0.0074944123625755,0.0042652785778045,,2,0.0738406777381897,0.0075972825288772,5.957,Low,0.0868491306900978,0.0118625611066818,2.288,Medium,0.0618470087647438,0.0043681487441062,0.045,Low
MBNL3,hsa-miR-449c-5p,variable,0.042213000357151,0.0181872844696044,0.0040942877531051,,1,0.0650705322623252,-0.0011728629469871,2.286,Medium,0.077907994389534,0.002921424806118,1.254,High,0.042213000357151,-0.0152658596634864,0.0,Low
MBNL3,hsa-miR-6743-5p,variable,0.0406516529619693,0.0183453746140003,0.0040410459041595,,1,0.063720516860485,-0.0025228783488273,3.454,Medium,0.0765047371387481,0.0015181675553321,1.447,High,0.0406516529619693,-0.0168272070586681,0.005,Low
MBNL3,hsa-miR-2682-5p,variable,0.0410324856638908,0.0184997469186782,0.0040386840701103,,1,0.0642580837011337,-0.0019853115081787,2.286,Medium,0.0770399421453476,0.0020533725619316,1.254,High,0.0410324856638908,-0.0164463743567466,0.0,Low
MBNL3,hsa-miR-5193,variable,0.0387864559888839,0.0186924040317535,0.0039526261389255,,1,0.0622907690703868,-0.0039526261389255,3.291,Medium,0.0749865695834159,0.0,0.959,High,0.0387864559888839,-0.0186924040317535,0.006,Low
MBNL3,hsa-miR-361-5p,variable,0.0397087074816226,0.0190427266061306,0.0039413943886756,,1,0.0635745748877525,-0.0026688203215599,2.95,Medium,0.0762591436505317,0.0012725740671157,1.336,High,0.0397087074816226,-0.0177701525390148,0.002,Low
MBNL3,hsa-miR-4773,variable,0.0399287678301334,0.0188584886491298,0.0038909465074539,,1,0.0636608451604843,-0.0025825500488281,2.278,Medium,0.0762949660420417,0.0013083964586257,1.055,High,0.0399287678301334,-0.017550092190504,0.004,Low
MBNL3,hsa-miR-4685-5p,variable,0.0389295518398284,0.0157998949289321,0.0037023350596427,,1,0.0597916468977928,-0.0064517483115196,3.051,Medium,0.0722371563315391,-0.0027494132518768,1.72,Medium,0.0389295518398284,-0.018549308180809,0.01,Low
MBNL3,hsa-miR-1976,variable,0.0408741161227226,0.0186701938509941,0.0036848708987236,,1,0.064623974263668,-0.0016194209456443,2.831,Medium,0.0770520195364952,0.0020654499530792,2.053,High,0.0408741161227226,-0.0166047438979148,0.007,Low
MBNL3,hsa-miR-7160-5p,variable,0.0467050820589065,0.0052242428064346,0.0036748275160789,,2,0.0606938600540161,-0.0055495351552963,5.953,Low,0.0657622069120407,-0.0092243626713752,2.284,Medium,0.0467050820589065,-0.0107737779617309,0.045,Low
MBNL3,hsa-miR-532-5p,variable,0.0370994210243225,0.0177413299679756,0.0036234632134437,,1,0.0599818229675293,-0.0062615722417831,2.484,Medium,0.0723484605550766,-0.0026381090283393,1.693,High,0.0370994210243225,-0.020379438996315,0.0,Low
MBNL3,hsa-miR-875-5p,variable,0.03794876486063,0.017660766839981,0.0036071725189685,,1,0.0607668943703174,-0.0054765008389949,2.771,Medium,0.0731172412633895,-0.0018693283200263,2.153,High,0.03794876486063,-0.0195300951600074,0.0,Low
MBNL3,hsa-miR-4728-3p,variable,0.0350131131708622,0.0156358070671558,0.0035988837480545,,1,0.0558145716786384,-0.0104288235306739,2.511,Medium,0.0681566298007965,-0.0068299397826194,2.224,Medium,0.0350131131708622,-0.0224657468497753,0.003,Low
MBNL3,hsa-miR-4709-3p,variable,0.0404545627534389,0.0169533900916576,0.0035914331674575,,1,0.0625810548663139,-0.0036623403429985,2.865,Medium,0.074915662407875,-7.090717554092407e-05,0.928,Medium,0.0404545627534389,-0.0170242972671985,0.003,Low
MBNL3,hsa-miR-7114-5p,variable,0.056506372988224,0.0095902010798454,0.0035728812217712,,2,0.0688437893986702,0.0026003941893577,5.644,Low,0.0679967626929283,-0.0069898068904876,1.505,Low,0.056506372988224,-0.0009724870324134,0.02,Low
MBNL3,hsa-miR-4632-5p,variable,0.038657359778881,0.0161612629890441,0.0035639479756355,,1,0.0600192099809646,-0.0062241852283477,3.348,Medium,0.0723263323307037,-0.0026602372527122,1.129,Medium,0.038657359778881,-0.0188215002417564,0.005,Low
MBNL3,hsa-miR-4726-5p,variable,0.0375087633728981,0.0165530145168304,0.0034918822348117,,1,0.0593344308435916,-0.0069089643657207,3.098,Medium,0.071569487452507,-0.0034170821309089,1.712,Medium,0.0375087633728981,-0.0199700966477394,0.01,Low
MBNL3,hsa-miR-7151-3p,variable,0.0549327693879604,0.006272654980421,0.0034580305218696,,1,0.0699699595570564,0.0037265643477439,5.476,Medium,0.0752551034092903,0.0002685338258743,1.715,Medium,0.0549327693879604,-0.002546090632677,0.011,Low
MBNL3,hsa-miR-500a-3p,variable,0.0376151092350482,0.0176655761897563,0.0034471414983272,,1,0.0605980791151523,-0.00564531609416,2.985,Medium,0.0727883949875831,-0.0021981745958328,1.697,High,0.0376151092350482,-0.0198637507855892,0.0,Low
MBNL3,hsa-miR-33a-5p,variable,0.0405819118022918,0.0178254768252372,0.0034190863370895,,1,0.0637528374791145,-0.0024905577301979,3.022,Medium,0.0759150981903076,0.0009285286068916,1.939,High,0.0405819118022918,-0.0168969482183456,0.004,Low
MBNL3,hsa-miR-6735-5p,variable,0.0387117862701416,0.0151546970009803,0.0033769682049751,,1,0.0592540502548217,-0.0069893449544906,3.343,Medium,0.0713741928339004,-0.0036123767495155,1.115,Medium,0.0387117862701416,-0.0187670737504959,0.005,Low
MBNL3,hsa-miR-4640-5p,variable,0.0363886728882789,0.0160820260643959,0.0033457390964031,,1,0.0578894950449466,-0.0083539001643657,3.098,Medium,0.0699784085154533,-0.0050081610679626,1.712,Medium,0.0363886728882789,-0.0210901871323585,0.01,Low
MBNL3,hsa-miR-6757-5p,variable,0.0373357906937599,0.0165988653898239,0.0033041052520275,,2,0.0593950860202312,-0.0068483091890811,2.049,Medium,0.0714423656463623,-0.0035442039370536,1.321,Medium,0.0373357906937599,-0.0201430693268775,0.004,Low
MBNL3,hsa-miR-6799-3p,variable,0.0361157543957233,0.0152937658131122,0.0032161585986614,,1,0.0569578967988491,-0.0092854984104633,3.033,Medium,0.068917229771614,-0.0060693398118019,2.071,Medium,0.0361157543957233,-0.0213631056249141,0.012,Low
MBNL3,hsa-miR-6720-5p,variable,0.0338500663638114,0.0155712515115737,0.0031911097466945,,1,0.0549947433173656,-0.0112486518919467,3.086,Medium,0.0669290274381637,-0.0080575421452522,1.388,Medium,0.0338500663638114,-0.023628793656826,0.006,Low
MBNL3,hsa-miR-4793-3p,variable,0.0397100448608398,0.0152656659483909,0.0031759180128574,,1,0.0605643279850482,-0.0056790672242641,3.056,Medium,0.0724834203720092,-0.0025031492114067,1.835,Medium,0.0397100448608398,-0.0177688151597976,0.01,Low
MBNL3,hsa-miR-6837-5p,variable,0.0341367274522781,0.0163468942046165,0.0031235367059707,,1,0.0561246201395988,-0.0101187750697135,2.981,Medium,0.0679913312196731,-0.0069952383637428,1.733,Medium,0.0341367274522781,-0.0233421325683593,0.011,Low
MBNL3,hsa-miR-642a-5p,variable,0.0370043031871318,0.015319999307394,0.0031120888888835,,1,0.0579767487943172,-0.0082666464149951,2.667,Medium,0.0698320120573043,-0.0051545575261116,1.552,Medium,0.0370043031871318,-0.0204745568335056,0.014,Low
MBNL3,hsa-miR-6747-3p,variable,0.0354349724948406,0.0160467810928821,0.0030688419938087,,1,0.0571774467825889,-0.0090659484267234,3.023,Medium,0.0689894631505012,-0.0059971064329147,2.036,Medium,0.0354349724948406,-0.0220438875257968,0.012,Low
MBNL3,hsa-miR-3916,variable,0.0397971346974372,0.0145904943346977,0.003058273345232,,1,0.0600938908755779,-0.0061495043337345,2.796,Medium,0.0718953385949134,-0.0030912309885025,1.725,Medium,0.0397971346974372,-0.0176817253232002,0.01,Low
MBNL3,hsa-miR-29b-2-5p,variable,0.0378647856414318,0.0159444101154804,0.0030494183301925,,1,0.0595243126153945,-0.0067190825939178,1.287,Medium,0.0713169053196907,-0.0036696642637252,1.155,Medium,0.0378647856414318,-0.0196140743792057,0.0,Low
MBNL3,hsa-miR-198,variable,0.0365427806973457,0.0148314163088798,0.0029944255948066,,1,0.0571443066000938,-0.0090990886092185,2.653,Medium,0.068881906569004,-0.0061046630144119,1.664,Medium,0.0365427806973457,-0.0209360793232917,0.007,Low
MBNL3,hsa-miR-7976,variable,0.0373708605766296,0.0166471526026725,0.0029913634061813,,1,0.0597911849617958,-0.0064522102475166,2.947,Medium,0.0715257227420806,-0.0034608468413352,0.839,Medium,0.0373708605766296,-0.0201079994440078,0.005,Low
MBNL3,hsa-miR-6733-5p,variable,0.0395882613956928,0.0154401920735836,0.0029575191438198,,1,0.0608354695141315,-0.0054079256951808,0.986,Medium,0.0725361630320549,-0.002450406551361,1.024,Medium,0.0395882613956928,-0.0178905986249446,0.0,Low
MBNL3,hsa-miR-3190-5p,variable,0.0337119698524475,0.0153538361191749,0.0029362887144088,,1,0.0548940524458885,-0.0113493427634239,3.078,Medium,0.0665735155344009,-0.008413054049015,1.836,Medium,0.0337119698524475,-0.02376689016819,0.009,Low
MBNL3,hsa-miR-3665,variable,0.0360362231731414,0.016512393951416,0.0029361508786678,,1,0.0583770014345645,-0.0078663937747478,2.628,Medium,0.0700563266873359,-0.00493024289608,2.285,Medium,0.0360362231731414,-0.021442636847496,0.005,Low
MBNL3,hsa-miR-6735-3p,variable,0.0358646214008331,0.0142639875411987,0.0028850100934505,,1,0.0560081340372562,-0.0102352611720561,2.771,Medium,0.0676363185048103,-0.0073502510786056,2.153,Medium,0.0358646214008331,-0.0216142386198043,0.0,Low
MBNL3,hsa-miR-3918,variable,0.0353774912655353,0.0151117928326129,0.0028774961829185,,1,0.0563763231039047,-0.0098670721054077,3.02,Medium,0.0679969936609268,-0.0069895759224891,1.726,Medium,0.0353774912655353,-0.0221013687551021,0.01,Low
MBNL3,hsa-miR-6875-3p,variable,0.0347561053931713,0.0151506252586841,0.0028744637966156,,1,0.0557968020439147,-0.0104465931653976,3.138,Medium,0.0674144402146339,-0.007572129368782,1.438,Medium,0.0347561053931713,-0.0227227546274662,0.006,Low
MBNL3,hsa-miR-6834-5p,variable,0.0387268550693988,0.0154983066022396,0.0028737559914588,,2,0.0601159408688545,-0.0061274543404579,4.403,Medium,0.0717328712344169,-0.003253698348999,3.457,Medium,0.0387268550693988,-0.0187520049512386,0.012,Low
MBNL3,hsa-miR-4688,variable,0.0329992473125457,0.0151986479759216,0.0028572417795658,,1,0.0541051886975765,-0.0121382065117359,3.454,Medium,0.0657056048512458,-0.0092809647321701,1.447,Medium,0.0329992473125457,-0.0244796127080917,0.005,Low
MBNL3,hsa-miR-134-3p,variable,0.0327342450618743,0.0131733193993568,0.0028013065457344,,1,0.0518707931041717,-0.0143726021051406,3.36,Low,0.0634152740240097,-0.0115712955594062,1.653,Medium,0.0327342450618743,-0.0247446149587631,0.006,Low
MBNL3,hsa-miR-425-3p,variable,0.035477764904499,0.0150820091366767,0.0027974434196949,,1,0.0565268658101558,-0.0097165293991565,3.001,Medium,0.0680674836039543,-0.0069190859794616,1.139,Medium,0.035477764904499,-0.0220010951161384,0.006,Low
MBNL3,hsa-miR-6739-5p,variable,0.0389588959515094,0.0160511396825313,0.0027953051030635,,1,0.0609792657196521,-0.0052641294896602,0.986,Medium,0.0725177451968193,-0.0024688243865966,1.024,Medium,0.0389588959515094,-0.018519964069128,0.0,Low
MBNL3,hsa-miR-4297,variable,0.0396382436156272,0.0182691812515258,0.0027949288487434,,1,0.0638770312070846,-0.0023663640022277,2.492,Medium,0.0754151344299316,0.0004285648465156,1.7,High,0.0396382436156272,-0.0178406164050102,0.0,Low
MBNL3,hsa-miR-3173-5p,variable,0.0364579670131206,0.0159409753978252,0.0027945302426815,,1,0.0583689473569393,-0.0078744478523731,3.033,Medium,0.0699066519737243,-0.0050799176096916,2.071,Medium,0.0364579670131206,-0.0210208930075168,0.012,Low
MBNL3,hsa-miR-6895-5p,variable,0.0335315987467765,0.0145192593336105,0.0027658753097057,,1,0.0540495179593563,-0.0121938772499561,3.042,Medium,0.0655585676431655,-0.0094280019402503,1.722,Medium,0.0335315987467765,-0.0239472612738609,0.01,Low
MBNL3,hsa-miR-4690-3p,variable,0.0328713990747928,0.0144101344048976,0.0027630664408206,,1,0.0532830022275447,-0.0129603929817676,2.26,Medium,0.064789243042469,-0.0101973265409469,1.094,Medium,0.0328713990747928,-0.0246074609458446,0.005,Low
MBNL3,hsa-miR-6865-3p,variable,0.0646105706691742,0.0126174539327621,0.0027581974864006,,1,0.0761333033442497,0.0098899081349372,6.406,Low,0.0722590237855911,-0.0027275457978248,3.183,Low,0.0646105706691742,0.0071317106485366,0.102,Low
MBNL3,hsa-miR-892a,variable,0.035245381295681,0.0146529003977775,0.0027577802538871,,1,0.0559050366282463,-0.0103383585810661,2.965,Medium,0.067405991256237,-0.0075805783271789,1.832,Medium,0.035245381295681,-0.0222334787249565,0.012,Low
MBNL3,hsa-miR-6749-3p,variable,0.0332699976861476,0.0146341584622859,0.0027437806129455,,1,0.053924910724163,-0.0123184844851493,3.291,Medium,0.0654118657112121,-0.0095747038722038,0.959,Medium,0.0332699976861476,-0.0242088623344898,0.006,Low
MBNL3,hsa-miR-4436a,variable,0.0347591042518615,0.0148719623684883,0.0027388557791709,,1,0.0556567460298538,-0.0105866491794586,2.286,Medium,0.0671387761831283,-0.0078477934002876,1.254,Medium,0.0347591042518615,-0.0227197557687759,0.0,Low
MBNL3,hsa-miR-4646-5p,variable,0.0362901799380779,0.0140190310776233,0.0026931054890155,,1,0.0563806407153606,-0.0098627544939517,0.986,Medium,0.0678169205784797,-0.0071696490049362,1.024,Medium,0.0362901799380779,-0.0211886800825595,0.0,Low
MBNL3,hsa-miR-4456,variable,0.0374976396560668,0.017842024564743,0.0026720724999904,,1,0.0614321269094944,-0.004811268299818,2.653,Medium,0.0728473737835884,-0.0021391957998275,1.544,High,0.0374976396560668,-0.0199812203645706,0.014,Low
MBNL3,hsa-miR-1276,variable,0.0326130986213684,0.0139636993408203,0.0025337561964988,,1,0.0528075769543647,-0.0134358182549476,3.519,Medium,0.0640845075249672,-0.0109020620584487,2.162,Medium,0.0326130986213684,-0.0248657613992691,0.0,Low
MBNL3,hsa-miR-3130-3p,variable,0.0333207696676254,0.0133080706000328,0.0024396069347858,,1,0.0529537685215473,-0.0132896266877651,2.992,Low,0.0641365498304367,-0.0108500197529792,1.728,Medium,0.0333207696676254,-0.024158090353012,0.0,Low
MBNL3,hsa-miR-3620-5p,variable,0.0357213281095027,0.012926947325468,0.0023547187447547,,2,0.0550580918788909,-0.0111853033304214,4.909,Low,0.0661559849977493,-0.0088305845856666,3.092,Medium,0.0357213281095027,-0.0217575319111347,0.071,Low
MBNL3,hsa-miR-378g,variable,0.0347223319113254,0.0132410265505313,0.0023078769445419,,1,0.0544200167059898,-0.0118233785033226,3.027,Medium,0.0654710680246353,-0.0095155015587806,1.834,Medium,0.0347223319113254,-0.022756528109312,0.011,Low
MBNL3,hsa-miR-5685,variable,0.0297001469880342,0.0123895723372697,0.0022916197776794,,1,0.0485626347362995,-0.0176807604730129,2.26,Low,0.0595974288880825,-0.0153891406953334,1.094,Medium,0.0297001469880342,-0.0277787130326032,0.005,Low
MBNL3,hsa-miR-6760-3p,variable,0.0310286618769168,0.0124122835695743,0.0022831037640571,,1,0.049922376871109,-0.0163210183382034,2.749,Low,0.0609486550092697,-0.0140379145741462,1.998,Medium,0.0310286618769168,-0.0264501981437206,0.008,Low
MBNL3,hsa-miR-4452,variable,0.0342483893036842,0.0129178687930107,0.0022703632712364,,1,0.0536604300141334,-0.0125829651951789,2.865,Low,0.0646739676594734,-0.0103126019239425,0.928,Medium,0.0342483893036842,-0.0232304707169532,0.003,Low
MBNL3,hsa-miR-6783-5p,variable,0.0332928635179996,0.013387743383646,0.0022701956331729,,1,0.0531749464571476,-0.0130684487521648,2.525,Medium,0.0641883164644241,-0.0107982531189918,1.61,Medium,0.0332928635179996,-0.0241859965026378,0.004,Low
MBNL3,hsa-miR-4496,variable,0.0333760567009449,0.0123352147638797,0.0022653192281723,,1,0.0522104874253273,-0.0140329077839851,2.815,Low,0.0632189810276031,-0.0117675885558128,1.733,Medium,0.0333760567009449,-0.0241028033196926,0.01,Low
MBNL3,hsa-miR-6829-5p,variable,0.0338825918734073,0.0133219100534915,0.0022603906691074,,1,0.0537086464464664,-0.0125347487628459,3.033,Medium,0.0647122114896774,-0.0102743580937385,1.835,Medium,0.0338825918734073,-0.0235962681472301,0.01,Low
MBNL3,hsa-miR-4704-5p,variable,0.0335995070636272,0.0123820565640926,0.0022361986339092,,1,0.0525099001824855,-0.0137334950268268,1.1,Low,0.0634892731904983,-0.0114972963929176,1.074,Medium,0.0335995070636272,-0.0238793529570102,0.0,Low
MBNL3,hsa-miR-6716-5p,variable,0.03386802226305,0.0138263553380966,0.0022361353039741,,1,0.0542227774858474,-0.0120206177234649,2.236,Medium,0.0652020871639251,-0.0097844824194908,1.813,Medium,0.03386802226305,-0.0236108377575874,0.0,Low
MBNL3,hsa-miR-508-5p,variable,0.033296912908554,0.0112007595598697,0.0021883286535739,,3,0.0510738790035247,-0.0151695162057876,3.548,Low,0.0620053820312023,-0.0129811875522136,2.448,Medium,0.033296912908554,-0.0241819471120834,0.033,Low
MBNL3,hsa-miR-12119,variable,0.0316044650971889,0.0116611085832118,0.0021478980779647,,1,0.0498822107911109,-0.0163611844182014,0.938,Low,0.0607732832431793,-0.0142132863402366,0.811,Medium,0.0316044650971889,-0.0258743949234485,0.0,Low
MBNL3,hsa-miR-4539,variable,0.0318081639707088,0.0121120959520339,0.0021474137902259,,1,0.0505373813211917,-0.0157060138881206,2.925,Low,0.0614279694855213,-0.0135586000978946,1.217,Medium,0.0318081639707088,-0.0256706960499286,0.002,Low
MBNL3,hsa-miR-204-3p,variable,0.0323303639888763,0.0122084282338619,0.0021259747445583,,2,0.0511773526668548,-0.0150660425424575,2.082,Low,0.0620465017855167,-0.0129400677978992,1.58,Medium,0.0323303639888763,-0.0251484960317611,0.002,Low
MBNL3,hsa-miR-4418,variable,0.0305092427879571,0.0133516248315572,0.0021246932446956,,1,0.0505007095634937,-0.0157426856458187,2.454,Medium,0.0613685771822929,-0.013617992401123,2.281,Medium,0.0305092427879571,-0.0269696172326803,0.004,Low
MBNL3,hsa-miR-4435,variable,0.0319895930588245,0.0114189833402633,0.00205023214221,,1,0.0501228794455528,-0.0161205157637596,3.078,Low,0.0609162859618663,-0.0140702836215496,1.836,Medium,0.0319895930588245,-0.0254892669618129,0.009,Low
MBNL3,hsa-miR-5187-5p,variable,0.0327376574277877,0.0121800526976585,0.0019673556089401,,1,0.0517148897051811,-0.0145285055041313,3.332,Low,0.0624254196882247,-0.0125611498951911,1.67,Medium,0.0327376574277877,-0.0247412025928497,0.01,Low
MBNL3,hsa-miR-1587,variable,0.0343050025403499,0.0130856521427631,0.0018518790602684,,2,0.0543033108115196,-0.0119400843977928,4.907,Medium,0.0648983642458915,-0.0100882053375244,3.091,Medium,0.0343050025403499,-0.0231738574802875,0.071,Low
MBNL3,hsa-miR-6865-5p,variable,0.0559030249714851,0.0169147551059722,0.0017986297607421,,1,0.0815823152661323,0.0153389200568199,5.815,Medium,0.0885268598794937,0.0135402902960777,3.948,High,0.0559030249714851,-0.0015758350491523,0.119,Low
MBNL3,hsa-miR-3137,variable,0.0289468076080083,0.0106860194355249,0.0017781965434551,,1,0.0466191656887531,-0.0196242295205593,2.713,Low,0.0571405366063118,-0.0178460329771041,2.024,Medium,0.0289468076080083,-0.0285320524126291,0.0,Low
MBNL3,hsa-miR-2355-5p,variable,0.0292880870401859,0.0111348703503608,0.0016818679869174,,1,0.0475056245923042,-0.0187377706170082,2.663,Low,0.0579306669533252,-0.0170559026300907,1.94,Medium,0.0292880870401859,-0.0281907729804515,0.01,Low
MBNL3,hsa-miR-6877-3p,variable,0.0298717506229877,0.0110873691737651,0.0016409568488597,,2,0.048082698136568,-0.0181606970727443,4.285,Low,0.0584668293595314,-0.0165197402238845,2.698,Medium,0.0298717506229877,-0.0276071093976497,0.054,Low
MBNL3,hsa-miR-4269,variable,0.0268577076494693,0.0101950243115425,0.0015790536999702,,1,0.0442382134497165,-0.0220051817595958,2.921,Low,0.0545604415237903,-0.0204261280596256,2.114,Medium,0.0268577076494693,-0.0306211523711681,0.006,Low
MBNL3,hsa-miR-3192-3p,variable,0.0276507269591093,0.0100319702178239,0.0013429261744022,,1,0.0451043061912059,-0.0211390890181064,2.709,Low,0.0551904067397117,-0.0197961628437042,1.094,Medium,0.0276507269591093,-0.0298281330615282,0.005,Low
MBNL3,hsa-miR-1272,variable,0.0277647897601127,0.0089479908347129,0.0011676661670207,,1,0.0443096496164798,-0.0219337455928325,2.236,Low,0.0542204901576042,-0.0207660794258117,1.813,Medium,0.0277647897601127,-0.0297140702605247,0.0,Low
MBNL3,hsa-miR-23a-5p,variable,0.0707290172576904,0.0179788097739219,0.0011437237262725,,1,0.0963286384940147,0.0300852432847023,6.11,Medium,0.1062155365943908,0.0312289670109748,3.845,High,0.0707290172576904,0.0132501572370529,0.059,Low
MBNL3,hsa-miR-10397-5p,variable,0.0575959049165248,0.0239521600306034,0.0009691789746284,,1,0.0893434211611747,0.0231000259518623,5.76,Medium,0.0990557745099067,0.0240692049264907,3.745,High,0.0575959049165248,0.0001170448958873,0.086,Low
MBNL3,hsa-miR-7109-5p,variable,0.0535266064107418,0.0192126594483852,0.000938557088375,,1,0.0805652439594268,0.0143218487501144,5.903,Medium,0.0902469754219055,0.0152604058384895,4.756,High,0.0535266064107418,-0.0039522536098957,0.102,Low
MBNL3,hsa-miR-597-3p,variable,0.0710456743836402,0.016714684665203,0.0009082481265068,,1,0.0956166461110115,0.029373250901699,6.174,Medium,0.1052680686116218,0.0302814990282058,4.027,High,0.0710456743836402,0.0135668143630027,0.113,Low
MBNL3,hsa-miR-5195-3p,variable,0.0264980923384428,0.0088157001882791,0.0008343793451786,,1,0.0432439483702182,-0.0229994468390941,2.522,Low,0.0528215020895004,-0.0221650674939155,2.29,Medium,0.0264980923384428,-0.0309807676821947,0.005,Low
MBNL3,hsa-miR-557,variable,0.0653236210346221,0.0271135121583938,0.0007303059101104,,2,0.1004713624715805,0.034227967262268,5.176,High,0.1099448427557945,0.0349582731723785,1.71,High,0.0653236210346221,0.0078447610139846,0.032,Low
MBNL3,hsa-miR-7162-3p,variable,0.0569703876972198,0.0199577361345291,0.0007288306951522,,1,0.0849638283252716,0.0187204331159591,6.979,Medium,0.0944358333945274,0.0194492638111114,4.146,High,0.0569703876972198,-0.0005084723234176,0.115,Low
MBNL3,hsa-miR-3650,variable,0.0561504997313022,0.0069026090204715,0.0006106719374656,,1,0.0712069720029831,0.0049635767936706,5.44,Medium,0.0805608183145523,0.0055742487311363,2.895,Medium,0.0561504997313022,-0.0013283602893352,0.083,Low
MBNL3,hsa-miR-1291,variable,0.0681646168231964,0.0207127854228019,0.0004513263702392,,1,0.0976419374346733,0.0313985422253608,6.949,High,0.1059337854385376,0.0309472158551216,4.179,High,0.0681646168231964,0.0106857568025588,0.118,Low
MBNL3,hsa-miR-3614-3p,variable,0.0574788600206375,0.0248724967241287,0.00043785572052,,2,0.0906780362129211,0.0244346410036087,3.412,High,0.0998590663075447,0.0248724967241287,1.746,High,0.0574788600206375,0.0,0.031,Low
